timestamp,x,y,z,w
1523946830377995,-0.0939941,0.813049,-0.572632,-0.0464478
1523946830402066,-0.093689,0.813477,-0.572083,-0.0472412
1523946830418103,-0.0933838,0.81366,-0.571777,-0.0479126
1523946830438163,-0.0932007,0.813721,-0.571655,-0.0484009
1523946830462219,-0.0932007,0.813782,-0.571594,-0.0487671
1523946830477258,-0.0932007,0.81366,-0.571716,-0.0489502
1523946830498321,-0.0934448,0.81366,-0.571716,-0.0489502
1523946830538422,-0.0939331,0.81366,-0.571594,-0.0488281
1523946830540428,-0.0946045,0.813599,-0.571594,-0.048584
1523946830560479,-0.095459,0.813599,-0.571533,-0.0481567
1523946830582539,-0.0966187,0.813477,-0.571594,-0.0475464
1523946830599584,-0.0981445,0.813049,-0.57196,-0.0467529
1523946830620645,-0.0997925,0.8125,-0.57251,-0.0458374
1523946830655733,-0.101685,0.812073,-0.572876,-0.0449829
1523946830665761,-0.103577,0.811646,-0.573242,-0.0440674
1523946830679799,-0.10553,0.81134,-0.573425,-0.0429688
1523946830700854,-0.107605,0.811035,-0.573486,-0.0418701
1523946830717901,-0.109375,0.810669,-0.573792,-0.0405884
1523946830739959,-0.110718,0.810242,-0.574219,-0.0396118
1523946830761016,-0.110962,0.809753,-0.574829,-0.0385742
1523946830777057,-0.111084,0.809021,-0.575867,-0.0380859
1523946830800118,-0.110779,0.808838,-0.576294,-0.0375977
1523946830821174,-0.109741,0.808655,-0.576782,-0.0371704
1523946830837216,-0.108032,0.808533,-0.577271,-0.0370483
1523946830860276,-0.105652,0.808655,-0.577515,-0.0373535
1523946830881333,-0.102783,0.808655,-0.577942,-0.0380859
1523946830897378,-0.0996704,0.808838,-0.578247,-0.0393066
1523946830926453,-0.0966797,0.808899,-0.578491,-0.0408325
1523946830940492,-0.09375,0.808899,-0.578796,-0.0426025
1523946830957536,-0.0907593,0.808899,-0.579163,-0.0444336
1523946830979595,-0.0878906,0.809021,-0.579285,-0.0462646
1523946831000656,-0.0853882,0.80957,-0.578796,-0.0482178
1523946831017702,-0.083313,0.810303,-0.57782,-0.0501709
1523946831039753,-0.081665,0.811096,-0.576843,-0.0519409
1523946831060811,-0.0803223,0.811829,-0.575867,-0.0535278
1523946831077856,-0.0794067,0.812439,-0.574951,-0.0551758
1523946831099915,-0.0788574,0.81311,-0.573914,-0.0567017
1523946831120971,-0.0786743,0.813782,-0.572815,-0.0581665
1523946831137013,-0.0789185,0.814453,-0.571777,-0.0592651
1523946831160075,-0.0796509,0.814941,-0.570923,-0.0599365
1523946831181132,-0.0808716,0.815308,-0.570251,-0.0601196
1523946831197173,-0.0823364,0.815491,-0.569702,-0.0598755
1523946831220237,-0.0839844,0.815674,-0.569336,-0.0593262
1523946831241289,-0.0855713,0.815613,-0.569153,-0.0585327
1523946831257332,-0.0870361,0.815308,-0.56958,-0.0575562
1523946831280396,-0.0881958,0.814636,-0.570496,-0.0562134
1523946831302456,-0.0892334,0.81366,-0.571838,-0.0548096
1523946831317495,-0.0900879,0.812866,-0.572937,-0.0533447
1523946831339553,-0.0908813,0.812256,-0.573792,-0.0519409
1523946831362620,-0.0915527,0.811584,-0.574829,-0.0505371
1523946831377653,-0.0921631,0.810303,-0.576599,-0.0491943
1523946831399712,-0.0927734,0.808777,-0.578735,-0.0479126
1523946831422773,-0.0932617,0.807495,-0.580566,-0.046814
1523946831437813,-0.0935669,0.806458,-0.582031,-0.0457153
1523946831459871,-0.0939941,0.805603,-0.583191,-0.0446167
1523946831481929,-0.0945435,0.805054,-0.583984,-0.0437622
1523946831496974,-0.0951538,0.804199,-0.585144,-0.0427246
1523946831520034,-0.0958862,0.802979,-0.586792,-0.041626
1523946831542088,-0.0964966,0.80188,-0.588196,-0.0406494
1523946831557129,-0.0969849,0.801331,-0.588989,-0.039978
1523946831580192,-0.0974731,0.800903,-0.589478,-0.0393677
1523946831602250,-0.0978394,0.800415,-0.590149,-0.0387573
1523946831623306,-0.0979614,0.799561,-0.591309,-0.0380859
1523946831640351,-0.0981445,0.798645,-0.59259,-0.0375366
1523946831662411,-0.0980835,0.797791,-0.59375,-0.0369873
1523946831684471,-0.0979614,0.796814,-0.595154,-0.036438
1523946831699509,-0.0979004,0.795593,-0.596802,-0.0358887
1523946831722570,-0.0980225,0.794006,-0.598877,-0.0357056
1523946831743626,-0.0983276,0.79303,-0.600098,-0.0358276
1523946831759668,-0.0983276,0.792847,-0.600342,-0.036438
1523946831782731,-0.0977173,0.792725,-0.600525,-0.0372925
1523946831803789,-0.0971069,0.792603,-0.600769,-0.038269
1523946831819828,-0.0967407,0.79248,-0.600891,-0.0389404
1523946831841889,-0.0964966,0.792725,-0.600647,-0.0392456
1523946831863946,-0.0964966,0.793213,-0.599976,-0.0396118
1523946831879990,-0.0966797,0.79364,-0.599365,-0.039856
1523946831902048,-0.0968628,0.793518,-0.599487,-0.0394897
1523946831923103,-0.0969238,0.793457,-0.599609,-0.0391235
1523946831940148,-0.0969849,0.793579,-0.599426,-0.0387573
1523946831962219,-0.0968628,0.79364,-0.599426,-0.0383301
1523946831983265,-0.0968018,0.793457,-0.59967,-0.0377808
1523946832000310,-0.0965576,0.793091,-0.60022,-0.0374756
1523946832022366,-0.0966187,0.792297,-0.601257,-0.0371704
1523946832043423,-0.0969238,0.791382,-0.602417,-0.0369873
1523946832059465,-0.0970459,0.790466,-0.603699,-0.0365601
1523946832082527,-0.0970459,0.78949,-0.60498,-0.0358887
1523946832103588,-0.0971069,0.78894,-0.605713,-0.0354004
1523946832119625,-0.0969849,0.788696,-0.60614,-0.0344849
1523946832142686,-0.0969849,0.788147,-0.606934,-0.03302
1523946832163743,-0.0973511,0.786621,-0.608887,-0.0314331
1523946832179788,-0.0979004,0.785095,-0.61084,-0.0300903
1523946832201845,-0.0981445,0.784119,-0.612061,-0.0288086
1523946832223902,-0.0983276,0.783875,-0.612427,-0.0274658
1523946832238943,-0.0987549,0.783569,-0.612854,-0.026123
1523946832262008,-0.0996704,0.782776,-0.61377,-0.0252686
1523946832285068,-0.100647,0.781799,-0.614807,-0.0247803
1523946832299102,-0.101746,0.781189,-0.615479,-0.0247192
1523946832321168,-0.102844,0.781128,-0.615295,-0.0249023
1523946832344224,-0.103821,0.781555,-0.614685,-0.0250244
1523946832359263,-0.104614,0.781433,-0.614685,-0.0251465
1523946832381323,-0.105347,0.78064,-0.61554,-0.0251465
1523946832404384,-0.106018,0.779724,-0.616577,-0.0249634
1523946832421427,-0.106384,0.779358,-0.617004,-0.0245972
1523946832441481,-0.106567,0.779297,-0.617065,-0.0241089
1523946832464543,-0.107056,0.778564,-0.61792,-0.0234985
1523946832480587,-0.107605,0.777222,-0.619568,-0.0230103
1523946832501644,-0.107849,0.775879,-0.621216,-0.0223389
1523946832523699,-0.108276,0.774536,-0.622864,-0.0215454
1523946832540745,-0.108887,0.77301,-0.624634,-0.020874
1523946832561808,-0.109802,0.77124,-0.626709,-0.0205688
1523946832583864,-0.110779,0.76947,-0.628723,-0.0205078
1523946832600905,-0.111816,0.767944,-0.63031,-0.0204468
1523946832621961,-0.112732,0.766479,-0.631958,-0.0204468
1523946832644020,-0.113708,0.76532,-0.633179,-0.0209961
1523946832660062,-0.114319,0.764343,-0.634216,-0.0215454
1523946832682121,-0.114807,0.763306,-0.635376,-0.0221558
1523946832704180,-0.115356,0.762512,-0.63623,-0.0229492
1523946832720222,-0.116089,0.761353,-0.63739,-0.0238037
1523946832741278,-0.116882,0.759827,-0.639038,-0.0245361
1523946832764340,-0.117676,0.758484,-0.640503,-0.0252075
1523946832780383,-0.118713,0.757141,-0.641846,-0.0258179
1523946832801443,-0.119751,0.75531,-0.643799,-0.0262451
1523946832824499,-0.120789,0.753418,-0.645813,-0.0266113
1523946832846560,-0.121948,0.75177,-0.647461,-0.0269165
1523946832861609,-0.122986,0.750488,-0.648804,-0.0270996
1523946832884667,-0.12439,0.749023,-0.650146,-0.0275269
1523946832906718,-0.12616,0.746948,-0.652222,-0.0278931
1523946832921759,-0.127808,0.744263,-0.654907,-0.0283813
1523946832943816,-0.129517,0.74176,-0.657349,-0.0291138
1523946832966881,-0.131348,0.739807,-0.65918,-0.0299072
1523946832981918,-0.13324,0.737549,-0.661316,-0.0309448
1523946833003978,-0.13501,0.735229,-0.663513,-0.0321045
1523946833027040,-0.136902,0.732666,-0.665894,-0.0332642
1523946833042078,-0.138611,0.730286,-0.668091,-0.0343018
1523946833064138,-0.140076,0.728455,-0.669678,-0.0353394
1523946833086200,-0.141235,0.727173,-0.670837,-0.036438
1523946833101236,-0.142334,0.72583,-0.671936,-0.0374756
1523946833124299,-0.14325,0.724976,-0.672607,-0.0385742
1523946833146357,-0.143921,0.724426,-0.672974,-0.0395508
1523946833161401,-0.144409,0.723755,-0.673584,-0.0406494
1523946833184457,-0.144714,0.723083,-0.674133,-0.0418701
1523946833206515,-0.144897,0.722656,-0.674438,-0.043396
1523946833221556,-0.144714,0.722351,-0.674744,-0.0449829
1523946833244617,-0.144653,0.721924,-0.67511,-0.0465088
1523946833266679,-0.144653,0.721008,-0.675964,-0.0480347
1523946833281718,-0.14447,0.719971,-0.677002,-0.0494385
1523946833303774,-0.143799,0.719299,-0.677734,-0.0505981
1523946833326835,-0.1427,0.718811,-0.678467,-0.0512695
1523946833341876,-0.141296,0.718506,-0.679077,-0.0515137
1523946833363934,-0.139771,0.718018,-0.679871,-0.0515747
1523946833386996,-0.138123,0.717712,-0.680542,-0.0517578
1523946833403037,-0.136414,0.717285,-0.681335,-0.0515747
1523946833424094,-0.134827,0.717041,-0.681946,-0.0513916
1523946833446152,-0.133301,0.717102,-0.68219,-0.0511475
1523946833463198,-0.132019,0.716675,-0.682922,-0.0505981
1523946833484253,-0.130798,0.71637,-0.683533,-0.0504761
1523946833506313,-0.129456,0.717102,-0.682983,-0.050354
1523946833523369,-0.128479,0.71759,-0.682678,-0.050354
1523946833544415,-0.12793,0.71698,-0.683411,-0.050354
1523946833566475,-0.127625,0.716797,-0.683655,-0.0505981
1523946833583518,-0.127625,0.717285,-0.683105,-0.0512085
1523946833604574,-0.128052,0.717346,-0.682861,-0.052063
1523946833634656,-0.128601,0.717346,-0.682739,-0.0527954
1523946833642675,-0.12915,0.717529,-0.682373,-0.053772
1523946833665740,-0.1297,0.717834,-0.681824,-0.0547485
1523946833686793,-0.130432,0.71814,-0.681274,-0.0559082
1523946833702834,-0.131104,0.718201,-0.680969,-0.0574951
1523946833723892,-0.131897,0.717957,-0.680908,-0.0594482
1523946833746955,-0.132568,0.717773,-0.680786,-0.0614014
1523946833762994,-0.133057,0.717834,-0.68042,-0.0634155
1523946833784050,-0.133667,0.717407,-0.680542,-0.0657959
1523946833806109,-0.134399,0.716797,-0.680786,-0.0683594
1523946833823156,-0.135071,0.716431,-0.680786,-0.0708618
1523946833844214,-0.135437,0.716187,-0.680725,-0.072937
1523946833866271,-0.13562,0.715698,-0.680969,-0.0748291
1523946833883318,-0.135559,0.715088,-0.681519,-0.0765381
1523946833904371,-0.135193,0.714722,-0.681763,-0.0779419
1523946833926429,-0.13446,0.714844,-0.681702,-0.0789795
1523946833942471,-0.133545,0.714783,-0.681824,-0.0799561
1523946833964531,-0.132507,0.714539,-0.682129,-0.0808716
1523946833986589,-0.131287,0.714172,-0.682739,-0.0814819
1523946834002632,-0.130005,0.713928,-0.683167,-0.081665
1523946834023688,-0.128845,0.713806,-0.683533,-0.0817871
1523946834046751,-0.127747,0.713928,-0.683594,-0.0818481
1523946834062793,-0.126587,0.714172,-0.683594,-0.081604
1523946834083850,-0.12561,0.713867,-0.684143,-0.0810547
1523946834106908,-0.124878,0.713379,-0.684814,-0.0805054
1523946834121949,-0.124146,0.713379,-0.685059,-0.0799561
1523946834144022,-0.123535,0.713562,-0.685059,-0.0794067
1523946834167069,-0.123108,0.713379,-0.685364,-0.0789795
1523946834182109,-0.122498,0.713318,-0.685608,-0.0787354
1523946834204168,-0.121765,0.713257,-0.68573,-0.0785522
1523946834226226,-0.120911,0.713379,-0.685852,-0.0783081
1523946834242269,-0.119995,0.713684,-0.685669,-0.078186
1523946834265334,-0.119019,0.713989,-0.685547,-0.078125
1523946834286387,-0.118042,0.71405,-0.685669,-0.0778198
1523946834302429,-0.117188,0.714172,-0.68573,-0.0775146
1523946834325490,-0.116272,0.714478,-0.685547,-0.0772095
1523946834346545,-0.115479,0.714905,-0.685364,-0.0768433
1523946834362591,-0.114746,0.715271,-0.68512,-0.0764771
1523946834385652,-0.114136,0.715454,-0.685059,-0.0760498
1523946834406706,-0.113647,0.715515,-0.685181,-0.0755005
1523946834422748,-0.113159,0.715515,-0.685242,-0.0750122
1523946834445810,-0.11261,0.715759,-0.685181,-0.0744629
1523946834466867,-0.112,0.716064,-0.685059,-0.0737305
1523946834482910,-0.111389,0.716309,-0.684998,-0.072937
1523946834505970,-0.110718,0.716431,-0.685059,-0.0720825
1523946834527029,-0.109924,0.716553,-0.68512,-0.071228
1523946834542067,-0.10907,0.716736,-0.685181,-0.0704956
1523946834565128,-0.108215,0.716919,-0.685181,-0.0697021
1523946834586183,-0.107361,0.717041,-0.685242,-0.0688477
1523946834602225,-0.106567,0.71698,-0.685547,-0.0680542
1523946834625286,-0.105774,0.71698,-0.68573,-0.0673218
1523946834646344,-0.10498,0.716858,-0.686035,-0.0666504
1523946834669404,-0.104187,0.716614,-0.686523,-0.065979
1523946834685446,-0.103394,0.716248,-0.687073,-0.0653687
1523946834706504,-0.1026,0.716125,-0.687378,-0.0648804
1523946834729564,-0.101868,0.716125,-0.6875,-0.0645142
1523946834745606,-0.101196,0.716003,-0.687744,-0.0640869
1523946834766664,-0.100708,0.715759,-0.68811,-0.0637207
1523946834788723,-0.100281,0.715332,-0.68866,-0.0634155
1523946834805767,-0.0999756,0.715027,-0.689026,-0.0630493
1523946834826825,-0.0997314,0.714844,-0.68927,-0.0628662
1523946834848900,-0.0994263,0.714783,-0.689453,-0.0623779
1523946834865929,-0.0990601,0.714294,-0.690063,-0.0613403
1523946834886983,-0.0986328,0.713196,-0.691406,-0.0596313
1523946834909042,-0.0978394,0.711487,-0.693481,-0.057312
1523946834925083,-0.0966797,0.709106,-0.69635,-0.0541992
1523946834947150,-0.145935,0.713074,-0.682922,-0.0620117
1523946834969202,-0.139526,0.652161,-0.741394,-0.0750122
1523946834985246,-0.151978,0.66333,-0.727783,-0.085144
1523946835006300,-0.13916,0.710022,-0.686096,-0.0756226
1523946835029360,-0.135132,0.708008,-0.688721,-0.0782471
1523946835045406,-0.134094,0.706482,-0.690308,-0.079895
1523946835066459,-0.133667,0.699097,-0.698547,-0.0736084
1523946835089522,-0.136169,0.69281,-0.704651,-0.0703735
1523946835104561,-0.136719,0.694031,-0.703186,-0.0719604
1523946835126625,-0.135254,0.694885,-0.702698,-0.0713501
1523946835148683,-0.130798,0.697083,-0.701538,-0.0695801
1523946835164720,-0.127258,0.698547,-0.700745,-0.0692749
1523946835186780,-0.122864,0.700928,-0.699219,-0.0684204
1523946835208838,-0.119812,0.702271,-0.698486,-0.0671997
1523946835224881,-0.117432,0.703796,-0.697571,-0.0657959
1523946835247945,-0.11615,0.704773,-0.696899,-0.0644531
1523946835268999,-0.115906,0.705139,-0.696716,-0.0629883
1523946835285042,-0.116333,0.705933,-0.695923,-0.0617676
1523946835308101,-0.117126,0.707458,-0.694397,-0.06073
1523946835329159,-0.118103,0.708923,-0.692749,-0.0596313
1523946835345202,-0.119202,0.710327,-0.691223,-0.0584106
1523946835368263,-0.120117,0.711609,-0.68988,-0.0571289
1523946835389320,-0.120972,0.713013,-0.688354,-0.0559692
1523946835404357,-0.121887,0.714478,-0.686768,-0.0551758
1523946835428424,-0.122864,0.716309,-0.684692,-0.0549316
1523946835449479,-0.123657,0.718628,-0.682068,-0.0549927
1523946835464521,-0.124207,0.720886,-0.679626,-0.0550537
1523946835487581,-0.124573,0.723022,-0.677246,-0.0554199
1523946835516664,-0.124939,0.725464,-0.6745,-0.0560303
1523946835524677,-0.125366,0.727783,-0.671875,-0.0567627
1523946835547742,-0.126099,0.729614,-0.669678,-0.0577393
1523946835568796,-0.127014,0.730774,-0.668152,-0.0587769
1523946835584838,-0.128113,0.731506,-0.667053,-0.0596924
1523946835607899,-0.129395,0.732117,-0.666016,-0.0604248
1523946835628956,-0.13092,0.733154,-0.664612,-0.06073
1523946835644999,-0.132324,0.734131,-0.663208,-0.060791
1523946835668060,-0.133667,0.734619,-0.662354,-0.0609131
1523946835689116,-0.134888,0.734436,-0.662354,-0.0609131
1523946835705158,-0.136047,0.733826,-0.662781,-0.0610962
1523946835728219,-0.136719,0.733337,-0.663147,-0.0612793
1523946835749276,-0.137024,0.733337,-0.663086,-0.0610352
1523946835765318,-0.137207,0.733032,-0.663574,-0.0598755
1523946835788378,-0.137756,0.732788,-0.663818,-0.0585938
1523946835809440,-0.138245,0.732666,-0.664001,-0.0567627
1523946835825488,-0.138916,0.732239,-0.66449,-0.0546265
1523946835848540,-0.139404,0.731628,-0.665283,-0.0525513
1523946835869596,-0.140137,0.731262,-0.665649,-0.0507813
1523946835884634,-0.141174,0.730713,-0.666138,-0.0491333
1523946835907697,-0.142334,0.729919,-0.66687,-0.0475464
1523946835928752,-0.143799,0.728882,-0.667847,-0.0458374
1523946835944795,-0.14563,0.727783,-0.668701,-0.0441895
1523946835969861,-0.147583,0.726868,-0.669373,-0.0424805
1523946835988912,-0.149536,0.726013,-0.669983,-0.0408325
1523946836004956,-0.151672,0.724976,-0.670776,-0.0391846
1523946836027014,-0.153809,0.72406,-0.671326,-0.0378418
1523946836049078,-0.155823,0.723633,-0.671387,-0.0366821
1523946836065114,-0.157532,0.723511,-0.671143,-0.0356445
1523946836087172,-0.158813,0.723206,-0.671265,-0.0345459
1523946836109236,-0.159729,0.722534,-0.671814,-0.0334473
1523946836125278,-0.160217,0.721863,-0.672424,-0.0328369
1523946836147335,-0.160095,0.721436,-0.672974,-0.0320435
1523946836169391,-0.159607,0.721436,-0.673096,-0.0308838
1523946836191452,-0.159058,0.721497,-0.673279,-0.0292358
1523946836207493,-0.159119,0.720947,-0.67395,-0.0273438
1523946836230556,-0.159729,0.719666,-0.675232,-0.0255737
1523946836251613,-0.160767,0.717957,-0.676819,-0.0236206
1523946836267653,-0.162476,0.71637,-0.678223,-0.0215454
1523946836290714,-0.164673,0.71521,-0.679016,-0.0195923
1523946836311773,-0.167175,0.713745,-0.679932,-0.0176392
1523946836327813,-0.169922,0.711487,-0.681641,-0.0158081
1523946836350877,-0.172852,0.70874,-0.683838,-0.0140381
1523946836371931,-0.175598,0.706299,-0.68573,-0.0125122
1523946836386970,-0.178162,0.703979,-0.687439,-0.0112305
1523946836411034,-0.180603,0.70166,-0.689148,-0.0103149
1523946836432094,-0.183044,0.699219,-0.690979,-0.0098877
1523946836447134,-0.18512,0.696899,-0.69281,-0.00964355
1523946836470192,-0.18689,0.695068,-0.694153,-0.00927734
1523946836491251,-0.18866,0.693604,-0.69519,-0.00891113
1523946836507290,-0.190369,0.692139,-0.696167,-0.00854492
1523946836530354,-0.1922,0.690674,-0.697144,-0.00823975
1523946836551409,-0.194275,0.68927,-0.697937,-0.00805664
1523946836567450,-0.196289,0.688171,-0.698486,-0.00793457
1523946836590510,-0.198547,0.687378,-0.698547,-0.00793457
1523946836611567,-0.200684,0.686279,-0.699036,-0.00762939
1523946836627611,-0.202698,0.684937,-0.699829,-0.00701904
1523946836650672,-0.204529,0.683777,-0.700439,-0.00653076
1523946836671728,-0.205994,0.682922,-0.700806,-0.00622559
1523946836687770,-0.207031,0.682312,-0.701111,-0.00592041
1523946836710832,-0.207886,0.681641,-0.701538,-0.00561523
1523946836730887,-0.208801,0.680969,-0.701904,-0.00543213
1523946836746928,-0.209778,0.68042,-0.702148,-0.00549316
1523946836769989,-0.210876,0.679626,-0.702576,-0.00549316
1523946836792049,-0.21228,0.678528,-0.703186,-0.00543213
1523946836807087,-0.213684,0.677368,-0.703918,-0.00537109
1523946836831151,-0.21521,0.676819,-0.703979,-0.00543213
1523946836852206,-0.216492,0.676514,-0.703857,-0.00537109
1523946836867246,-0.217407,0.675903,-0.704163,-0.00488281
1523946836890308,-0.21814,0.674866,-0.704956,-0.00427246
1523946836911367,-0.218933,0.673889,-0.705688,-0.00372314
1523946836927407,-0.219727,0.673035,-0.706238,-0.00317383
1523946836949467,-0.220764,0.671997,-0.706848,-0.00274658
1523946836971526,-0.221741,0.670837,-0.707703,-0.00219727
1523946836987566,-0.222534,0.669556,-0.708618,-0.00140381
1523946837009625,-0.223511,0.668518,-0.709351,-0.000854492
1523946837031689,-0.224487,0.667847,-0.709656,-0.000671387
1523946837047729,-0.225342,0.667542,-0.709656,-0.000305176
1523946837069785,-0.226196,0.667053,-0.709839,0.000244141
1523946837091848,-0.226868,0.666199,-0.710449,0.000976563
1523946837107894,-0.2276,0.6651,-0.711182,0.00195313
1523946837129947,-0.228699,0.664185,-0.711731,0.00280762
1523946837153007,-0.229858,0.664063,-0.711487,0.00366211
1523946837167045,-0.231384,0.663757,-0.711243,0.00512695
1523946837190106,-0.233215,0.662781,-0.711548,0.00695801
1523946837213170,-0.235168,0.661621,-0.711975,0.00891113
1523946837227204,-0.237305,0.660828,-0.711914,0.0111084
1523946837250268,-0.239563,0.660156,-0.711731,0.0133667
1523946837273327,-0.24176,0.65918,-0.711914,0.0158081
1523946837287365,-0.243652,0.658386,-0.711914,0.0178223
1523946837309423,-0.244995,0.658508,-0.711304,0.0194702
1523946837332485,-0.245789,0.658936,-0.710571,0.0210571
1523946837347524,-0.246277,0.65918,-0.710205,0.022644
1523946837369582,-0.246826,0.659485,-0.709656,0.0240479
1523946837392645,-0.247375,0.659729,-0.709167,0.0255737
1523946837407692,-0.248108,0.659729,-0.708862,0.0271606
1523946837429743,-0.249023,0.65979,-0.708435,0.0285034
1523946837452803,-0.249878,0.659912,-0.707947,0.0297852
1523946837466842,-0.250671,0.660217,-0.707397,0.0310059
1523946837489904,-0.25116,0.66095,-0.706421,0.0317383
1523946837512965,-0.25116,0.66217,-0.705322,0.0321045
1523946837527001,-0.250854,0.66333,-0.704285,0.0325928
1523946837550062,-0.250427,0.663574,-0.704163,0.0331421
1523946837573123,-0.250244,0.663696,-0.704163,0.0332642
1523946837587160,-0.250061,0.664551,-0.703369,0.0332031
1523946837610222,-0.249878,0.665833,-0.702271,0.03302
1523946837633285,-0.249634,0.666748,-0.701477,0.0328979
1523946837654340,-0.249634,0.667419,-0.700867,0.0327759
1523946837669379,-0.249695,0.667847,-0.700439,0.032959
1523946837693445,-0.249939,0.668152,-0.700012,0.0332031
1523946837715503,-0.250427,0.66803,-0.69989,0.0336304
1523946837729540,-0.250977,0.667603,-0.700134,0.0343018
1523946837752602,-0.25116,0.666809,-0.700745,0.0349121
1523946837773663,-0.250916,0.666626,-0.700989,0.0353394
1523946837789700,-0.250366,0.666504,-0.701294,0.0356445
1523946837812764,-0.249329,0.666138,-0.702026,0.0358887
1523946837833818,-0.248169,0.666077,-0.702454,0.0358887
1523946837849860,-0.246826,0.666565,-0.702454,0.0359497
1523946837872920,-0.245361,0.667053,-0.702576,0.0358887
1523946837893977,-0.243958,0.667542,-0.702576,0.0357666
1523946837910020,-0.242493,0.668823,-0.701904,0.0353394
1523946837932078,-0.240601,0.670959,-0.7005,0.034668
1523946837954136,-0.238464,0.673035,-0.699341,0.0338135
1523946837978204,-0.236267,0.674622,-0.698608,0.0321655
1523946837992239,-0.233704,0.676514,-0.697693,0.0303955
1523946838014301,-0.23114,0.678711,-0.696533,0.0285645
1523946838030343,-0.228516,0.68042,-0.695801,0.0264282
1523946838052399,-0.225891,0.682007,-0.69519,0.0241089
1523946838074458,-0.222839,0.684814,-0.693481,0.0216064
1523946838090504,-0.219482,0.688354,-0.691101,0.019165
1523946838112559,-0.216187,0.690979,-0.689575,0.0170288
1523946838135619,-0.213135,0.692017,-0.689575,0.0151978
1523946838149657,-0.210632,0.692871,-0.689514,0.0128174
1523946838172717,-0.207703,0.695068,-0.688232,0.00964355
1523946838195782,-0.204346,0.698608,-0.685669,0.00628662
1523946838209816,-0.201172,0.701477,-0.683716,0.00311279
1523946838231876,-0.198547,0.702698,-0.683228,0.00012207
1523946838255939,-0.196289,0.703735,-0.6828,-0.00311279
1523946838269976,-0.193787,0.705627,-0.681519,-0.00671387
1523946838292036,-0.19104,0.70813,-0.679688,-0.0102539
1523946838315098,-0.188416,0.709473,-0.678955,-0.0134888
1523946838330136,-0.186096,0.710083,-0.678894,-0.0165405
1523946838352194,-0.18396,0.710754,-0.67865,-0.0192261
1523946838375257,-0.181641,0.711853,-0.678101,-0.0219116
1523946838396316,-0.178894,0.713562,-0.676941,-0.024353
1523946838412356,-0.176453,0.714478,-0.676514,-0.0263672
1523946838435416,-0.174255,0.7146,-0.67688,-0.0286255
1523946838449454,-0.172119,0.714661,-0.677246,-0.0310059
1523946838472515,-0.170166,0.715027,-0.677246,-0.0333252
1523946838495581,-0.168091,0.716003,-0.676636,-0.0358887
1523946838516633,-0.165894,0.716919,-0.676025,-0.0383911
1523946838532674,-0.164063,0.717651,-0.675537,-0.0411377
1523946838555738,-0.162964,0.718811,-0.674438,-0.0435791
1523946838576795,-0.162354,0.719666,-0.673584,-0.0454102
1523946838592835,-0.162109,0.719421,-0.673828,-0.0460205
1523946838615898,-0.162903,0.718018,-0.675171,-0.0455933
1523946838636952,-0.163635,0.71582,-0.677429,-0.0437012
1523946838651993,-0.164612,0.713501,-0.67981,-0.0403442
1523946838675056,-0.166443,0.71228,-0.680847,-0.0370483
1523946838696111,-0.166992,0.713379,-0.679749,-0.0343018
1523946838712156,-0.166321,0.71582,-0.67749,-0.0321655
1523946838735214,-0.1651,0.716614,-0.677002,-0.0305786
1523946838756269,-0.164185,0.715637,-0.678284,-0.0302124
1523946838772311,-0.16333,0.715088,-0.679016,-0.0310669
1523946838796377,-0.162476,0.716492,-0.677612,-0.0335693
1523946838816429,-0.161255,0.719116,-0.674927,-0.0365601
1523946838832471,-0.160095,0.721069,-0.672974,-0.0391235
1523946838854530,-0.15918,0.721558,-0.672546,-0.0414429
1523946838876589,-0.158386,0.722168,-0.671936,-0.0432129
1523946838892631,-0.157288,0.723389,-0.670776,-0.0446167
1523946838914692,-0.155945,0.725159,-0.669128,-0.0459595
1523946838936749,-0.154541,0.726501,-0.667908,-0.0473633
1523946838951790,-0.153198,0.727722,-0.666748,-0.0491333
1523946838974851,-0.152039,0.729065,-0.665344,-0.0513916
1523946838996911,-0.150696,0.731384,-0.662964,-0.053833
1523946839011951,-0.149658,0.733276,-0.660889,-0.0562744
1523946839035010,-0.149048,0.73468,-0.659241,-0.0587769
1523946839058071,-0.148987,0.736084,-0.657471,-0.0615845
1523946839072109,-0.148804,0.737671,-0.655457,-0.0641479
1523946839095177,-0.148621,0.739563,-0.653076,-0.0670776
1523946839118231,-0.148315,0.74176,-0.65033,-0.0701904
1523946839132269,-0.148193,0.744019,-0.647339,-0.0738525
1523946839155335,-0.147217,0.747131,-0.643555,-0.0774536
1523946839178394,-0.146301,0.750061,-0.639893,-0.0809937
1523946839192429,-0.145386,0.752625,-0.636536,-0.0848999
1523946839214493,-0.144653,0.754944,-0.633423,-0.0891724
1523946839237563,-0.144409,0.757568,-0.629639,-0.0939331
1523946839252589,-0.144287,0.760132,-0.625793,-0.0990601
1523946839274649,-0.14447,0.762756,-0.621704,-0.104004
1523946839299714,-0.144714,0.76532,-0.617615,-0.109131
1523946839318766,-0.14502,0.768188,-0.612915,-0.114685
1523946839334807,-0.144836,0.771179,-0.608093,-0.120483
1523946839357870,-0.145264,0.773804,-0.603394,-0.126709
1523946839378928,-0.146667,0.776978,-0.597656,-0.132507
1523946839394967,-0.148254,0.780579,-0.591492,-0.137329
1523946839418030,-0.149597,0.784058,-0.585571,-0.141418
1523946839439086,-0.150391,0.786926,-0.580627,-0.144775
1523946839455127,-0.151245,0.789673,-0.575989,-0.147644
1523946839478190,-0.1521,0.791809,-0.572327,-0.149414
1523946839499247,-0.152588,0.794189,-0.568359,-0.151489
1523946839515288,-0.152527,0.796265,-0.565186,-0.152588
1523946839538348,-0.15271,0.798157,-0.562073,-0.15387
1523946839559405,-0.152649,0.799622,-0.559692,-0.154907
1523946839574445,-0.152588,0.800842,-0.557678,-0.155945
1523946839597508,-0.152527,0.801575,-0.556519,-0.156494
1523946839619565,-0.151978,0.802185,-0.555725,-0.156799
1523946839635606,-0.151489,0.802856,-0.55481,-0.157227
1523946839657666,-0.151123,0.803711,-0.553467,-0.157776
1523946839678723,-0.150574,0.804077,-0.552979,-0.15802
1523946839694765,-0.149841,0.803711,-0.553711,-0.158325
1523946839717825,-0.149902,0.803467,-0.553955,-0.158447
1523946839738902,-0.150085,0.803955,-0.55304,-0.159058
1523946839754924,-0.150024,0.804688,-0.551758,-0.159729
1523946839777990,-0.150208,0.804993,-0.551086,-0.160339
1523946839799042,-0.150757,0.805542,-0.549988,-0.160828
1523946839815084,-0.151184,0.806519,-0.548401,-0.161255
1523946839837143,-0.151611,0.807373,-0.547058,-0.160889
1523946839859202,-0.151855,0.807861,-0.546509,-0.160095
1523946839875244,-0.15271,0.808105,-0.546082,-0.159546
1523946839898308,-0.153137,0.808289,-0.545776,-0.159119
1523946839919362,-0.153137,0.808411,-0.545654,-0.158997
1523946839934401,-0.152832,0.808228,-0.545959,-0.159058
1523946839957463,-0.152527,0.807739,-0.54657,-0.159729
1523946839979523,-0.152344,0.807129,-0.547302,-0.160583
1523946839994565,-0.151672,0.806885,-0.547546,-0.161682
1523946840017622,-0.150452,0.806458,-0.548279,-0.162231
1523946840040685,-0.149292,0.805481,-0.549927,-0.162659
1523946840054721,-0.149048,0.804382,-0.551636,-0.16272
1523946840077788,-0.149536,0.803589,-0.552612,-0.162842
1523946840100843,-0.150208,0.803223,-0.552917,-0.162842
1523946840114881,-0.151245,0.802979,-0.55304,-0.162781
1523946840136940,-0.15271,0.802063,-0.553894,-0.163208
1523946840161008,-0.153748,0.800476,-0.555542,-0.164307
1523946840175042,-0.154541,0.799255,-0.556763,-0.165466
1523946840197100,-0.155151,0.798706,-0.556763,-0.167419
1523946840220161,-0.155579,0.798828,-0.555725,-0.169922
1523946840235200,-0.155762,0.799744,-0.553406,-0.172791
1523946840257261,-0.154968,0.80127,-0.550781,-0.174927
1523946840280323,-0.154541,0.802612,-0.548401,-0.176392
1523946840301378,-0.154724,0.803467,-0.546448,-0.178467
1523946840317421,-0.154907,0.804382,-0.544556,-0.180237
1523946840340481,-0.155212,0.80542,-0.542236,-0.18219
1523946840354519,-0.155457,0.806885,-0.539551,-0.183533
1523946840377582,-0.156128,0.808228,-0.53717,-0.184021
1523946840400642,-0.156433,0.809509,-0.534912,-0.184509
1523946840414678,-0.156128,0.811401,-0.532104,-0.184753
1523946840437741,-0.155457,0.813477,-0.529053,-0.184753
1523946840460802,-0.154236,0.815674,-0.526245,-0.184143
1523946840481858,-0.152222,0.817993,-0.523865,-0.182617
1523946840496898,-0.149414,0.820129,-0.521973,-0.180603
1523946840520963,-0.145386,0.822388,-0.520447,-0.177856
1523946840542019,-0.141113,0.82428,-0.519714,-0.174805
1523946840557056,-0.136963,0.82605,-0.519165,-0.171265
1523946840580120,-0.133301,0.827637,-0.51886,-0.16748
1523946840601176,-0.130188,0.828796,-0.519043,-0.163391
1523946840617217,-0.128052,0.829468,-0.519775,-0.159424
1523946840640279,-0.127625,0.82959,-0.52063,-0.15625
1523946840661336,-0.128235,0.829712,-0.521118,-0.153564
1523946840677378,-0.129639,0.829712,-0.521484,-0.151367
1523946840700437,-0.13147,0.829468,-0.522034,-0.149048
1523946840721493,-0.133972,0.828735,-0.523071,-0.146973
1523946840737537,-0.137451,0.827454,-0.524658,-0.145508
1523946840759598,-0.141174,0.826233,-0.525818,-0.144714
1523946840781655,-0.144287,0.826111,-0.52533,-0.144104
1523946840797698,-0.146362,0.826416,-0.524475,-0.143311
1523946840819755,-0.148254,0.826172,-0.524414,-0.142883
1523946840841815,-0.150024,0.825928,-0.524353,-0.142883
1523946840856856,-0.151306,0.825989,-0.523865,-0.143066
1523946840879917,-0.151489,0.826294,-0.523132,-0.143433
1523946840901973,-0.151794,0.826172,-0.523193,-0.143555
1523946840917015,-0.152771,0.825745,-0.523438,-0.144043
1523946840940075,-0.15387,0.825439,-0.523499,-0.144592
1523946840963138,-0.154785,0.825378,-0.523254,-0.14502
1523946840977174,-0.155396,0.825439,-0.52301,-0.14502
1523946841000238,-0.15625,0.825378,-0.522766,-0.144958
1523946841023298,-0.156982,0.825439,-0.522522,-0.144653
1523946841037333,-0.157776,0.825317,-0.522644,-0.144348
1523946841060397,-0.158386,0.825195,-0.522766,-0.143921
1523946841083456,-0.158997,0.825073,-0.522827,-0.143433
1523946841097493,-0.159546,0.825256,-0.5224,-0.14325
1523946841119553,-0.160095,0.8255,-0.521912,-0.143188
1523946841142616,-0.160706,0.825806,-0.52124,-0.143433
1523946841157654,-0.161072,0.826172,-0.520386,-0.14386
1523946841179712,-0.16156,0.826416,-0.519592,-0.144592
1523946841202774,-0.161926,0.827026,-0.518372,-0.145203
1523946841216813,-0.162354,0.82843,-0.515991,-0.145386
1523946841239873,-0.162903,0.829346,-0.514282,-0.145264
1523946841262934,-0.163147,0.829712,-0.513794,-0.144714
1523946841276971,-0.162903,0.829834,-0.513855,-0.144348
1523946841300031,-0.162781,0.831116,-0.512024,-0.143494
1523946841323093,-0.16333,0.832581,-0.509766,-0.142456
1523946841337134,-0.163574,0.833618,-0.508362,-0.141174
1523946841360216,-0.164429,0.834229,-0.507324,-0.140137
1523946841383253,-0.164978,0.834412,-0.506897,-0.139893
1523946841397290,-0.165283,0.834961,-0.505676,-0.140503
1523946841419349,-0.165405,0.835938,-0.503723,-0.141846
1523946841443415,-0.165161,0.837219,-0.501221,-0.143494
1523946841464470,-0.164734,0.838196,-0.499146,-0.145386
1523946841479509,-0.164001,0.839172,-0.49707,-0.147644
1523946841502570,-0.163452,0.840027,-0.495117,-0.149902
1523946841523627,-0.162903,0.841309,-0.492493,-0.151855
1523946841539668,-0.161743,0.843079,-0.48938,-0.153503
1523946841562732,-0.160522,0.845215,-0.485901,-0.154236
1523946841583787,-0.159546,0.846863,-0.483337,-0.153992
1523946841599829,-0.159302,0.8479,-0.481812,-0.15332
1523946841622890,-0.159119,0.848206,-0.481384,-0.153076
1523946841643948,-0.159119,0.848083,-0.481506,-0.153381
1523946841659992,-0.158813,0.848022,-0.481445,-0.154358
1523946841683051,-0.158325,0.848206,-0.481018,-0.155212
1523946841704116,-0.15741,0.848145,-0.481201,-0.156006
1523946841726174,-0.156677,0.847656,-0.481934,-0.15686
1523946841742210,-0.156433,0.847229,-0.482544,-0.157593
1523946841764268,-0.155884,0.847168,-0.482727,-0.158203
1523946841780308,-0.155151,0.846741,-0.483521,-0.15863
1523946841802368,-0.154968,0.846313,-0.484314,-0.158691
1523946841824428,-0.154785,0.846069,-0.484802,-0.15863
1523946841839467,-0.154602,0.845764,-0.485474,-0.158386
1523946841862530,-0.154419,0.845215,-0.486572,-0.158142
1523946841885589,-0.153809,0.844299,-0.488525,-0.157593
1523946841899625,-0.15332,0.843506,-0.490295,-0.156921
1523946841922688,-0.153442,0.843201,-0.490906,-0.156555
1523946841945751,-0.153503,0.843628,-0.490051,-0.156738
1523946841959785,-0.152893,0.843689,-0.490173,-0.156616
1523946841981845,-0.152405,0.843018,-0.491455,-0.156616
1523946842005911,-0.152405,0.842773,-0.491882,-0.156738
1523946842019949,-0.152344,0.843323,-0.490784,-0.157288
1523946842042009,-0.151611,0.843872,-0.48999,-0.157532
1523946842056043,-0.150757,0.843689,-0.49054,-0.157593
1523946842079103,-0.150208,0.843262,-0.491455,-0.15741
1523946842093141,-0.149963,0.843445,-0.491211,-0.157532
1523946842116201,-0.149292,0.844055,-0.490417,-0.157593
1523946842139263,-0.14856,0.843811,-0.491089,-0.157349
1523946842153303,-0.148621,0.843079,-0.492249,-0.15741
1523946842176365,-0.148682,0.84259,-0.493103,-0.15741
1523946842199423,-0.148315,0.842224,-0.493896,-0.157288
1523946842213460,-0.147827,0.841736,-0.495056,-0.156799
1523946842235521,-0.147644,0.84137,-0.495667,-0.156921
1523946842259585,-0.147339,0.841248,-0.495972,-0.156921
1523946842273625,-0.146362,0.840881,-0.496826,-0.15686
1523946842295680,-0.145935,0.840332,-0.498047,-0.156494
1523946842318743,-0.146057,0.839905,-0.498596,-0.15686
1523946842341804,-0.145447,0.839661,-0.499023,-0.15741
1523946842355838,-0.145264,0.839844,-0.498596,-0.158081
1523946842378904,-0.145874,0.840271,-0.497314,-0.15918
1523946842401963,-0.146729,0.840881,-0.495605,-0.1604
1523946842415998,-0.147217,0.841675,-0.493835,-0.161133
1523946842439062,-0.147766,0.843018,-0.491455,-0.161072
1523946842461123,-0.149475,0.844666,-0.48822,-0.160767
1523946842476160,-0.151306,0.847046,-0.483643,-0.160522
1523946842498219,-0.152588,0.84906,-0.479614,-0.160522
1523946842521283,-0.153748,0.850281,-0.476868,-0.161011
1523946842536321,-0.155212,0.85083,-0.475159,-0.161743
1523946842558399,-0.156555,0.851807,-0.4729,-0.161987
1523946842581441,-0.157532,0.853088,-0.470215,-0.162231
1523946842595476,-0.158081,0.854004,-0.468262,-0.162354
1523946842618539,-0.158508,0.85437,-0.467529,-0.16217
1523946842641603,-0.158813,0.854492,-0.467285,-0.162109
1523946842655637,-0.158936,0.854614,-0.466919,-0.162354
1523946842678699,-0.158325,0.854919,-0.466492,-0.162659
1523946842701762,-0.157349,0.854797,-0.466797,-0.163269
1523946842715796,-0.156372,0.854797,-0.467041,-0.163574
1523946842738858,-0.155701,0.855164,-0.466553,-0.163696
1523946842761920,-0.154968,0.855652,-0.465942,-0.163452
1523946842775955,-0.154236,0.855774,-0.466187,-0.163025
1523946842798015,-0.154114,0.855469,-0.466858,-0.162842
1523946842821079,-0.154114,0.855225,-0.467163,-0.163147
1523946842836117,-0.153931,0.85498,-0.467468,-0.163574
1523946842858177,-0.154114,0.854919,-0.467407,-0.164124
1523946842881235,-0.154358,0.854919,-0.467102,-0.16449
1523946842896276,-0.15448,0.855042,-0.466919,-0.164551
1523946842918334,-0.154724,0.854858,-0.467163,-0.164307
1523946842941399,-0.155029,0.854797,-0.467224,-0.164246
1523946842955435,-0.155151,0.855042,-0.466675,-0.16449
1523946842978499,-0.155334,0.855347,-0.466003,-0.164612
1523946843001557,-0.155396,0.855713,-0.465271,-0.164673
1523946843015596,-0.155396,0.85614,-0.4646,-0.164612
1523946843038655,-0.155212,0.856689,-0.463684,-0.16449
1523946843061716,-0.15448,0.856934,-0.46344,-0.164429
1523946843075755,-0.153809,0.8573,-0.463013,-0.164551
1523946843097812,-0.152832,0.857361,-0.463196,-0.164429
1523946843121876,-0.1521,0.857239,-0.463623,-0.164429
1523946843135922,-0.151123,0.857056,-0.464294,-0.16449
1523946843157978,-0.150146,0.856812,-0.464844,-0.164978
1523946843181033,-0.149231,0.856628,-0.465332,-0.165344
1523946843196074,-0.148376,0.856567,-0.465881,-0.165039
1523946843218131,-0.147766,0.856323,-0.466736,-0.164429
1523946843241196,-0.1474,0.855591,-0.468262,-0.164063
1523946843256234,-0.147095,0.854797,-0.46991,-0.163879
1523946843278294,-0.146423,0.854309,-0.470947,-0.164001
1523946843301355,-0.145569,0.85437,-0.471252,-0.163818
1523946843316392,-0.144592,0.85437,-0.471497,-0.163757
1523946843338452,-0.143738,0.854065,-0.472229,-0.164001
1523946843361513,-0.143127,0.853821,-0.472778,-0.164368
1523946843375549,-0.142578,0.85376,-0.4729,-0.164795
1523946843398613,-0.141663,0.853577,-0.473328,-0.165283
1523946843421673,-0.141052,0.853088,-0.474304,-0.165527
1523946843435716,-0.140625,0.852417,-0.475525,-0.165588
1523946843458772,-0.140137,0.85144,-0.477478,-0.165527
1523946843481833,-0.139832,0.850403,-0.479492,-0.165466
1523946843495870,-0.139709,0.849854,-0.480347,-0.165771
1523946843517929,-0.138794,0.849426,-0.48114,-0.166321
1523946843541995,-0.138306,0.848999,-0.481934,-0.166687
1523946843556029,-0.137878,0.848938,-0.481934,-0.167297
1523946843578090,-0.137146,0.848572,-0.482727,-0.167542
1523946843601151,-0.136658,0.847595,-0.48468,-0.16748
1523946843616190,-0.136047,0.846863,-0.486206,-0.167114
1523946843638248,-0.135498,0.846558,-0.487,-0.166687
1523946843661311,-0.135071,0.846252,-0.487854,-0.16626
1523946843676350,-0.134888,0.845459,-0.48938,-0.165833
1523946843698407,-0.135315,0.84491,-0.490234,-0.165588
1523946843721470,-0.135498,0.84491,-0.490295,-0.165466
1523946843735518,-0.135315,0.844849,-0.490479,-0.165405
1523946843758570,-0.135498,0.844482,-0.491211,-0.1651
1523946843780627,-0.135864,0.84375,-0.492371,-0.165039
1523946843795666,-0.136658,0.842529,-0.494202,-0.164978
1523946843818739,-0.137451,0.840942,-0.496765,-0.164795
1523946843840791,-0.138123,0.838989,-0.500061,-0.164124
1523946843863850,-0.138489,0.836121,-0.505493,-0.161804
1523946843877885,-0.139526,0.831665,-0.513733,-0.157837
1523946843900947,-0.140991,0.826538,-0.52301,-0.152893
1523946843924014,-0.144348,0.820984,-0.531921,-0.149048
1523946843938044,-0.147949,0.817444,-0.536743,-0.147583
1523946843961108,-0.15033,0.816772,-0.537354,-0.146851
1523946843984170,-0.150879,0.817566,-0.536072,-0.146423
1523946843998205,-0.150208,0.818054,-0.535645,-0.145996
1523946844021266,-0.149536,0.817322,-0.536865,-0.146118
1523946844044328,-0.149231,0.816895,-0.537415,-0.14679
1523946844058367,-0.148499,0.817383,-0.536743,-0.147461
1523946844080424,-0.146973,0.817993,-0.536133,-0.147949
1523946844104488,-0.14563,0.818054,-0.536255,-0.148254
1523946844118539,-0.144836,0.817261,-0.537476,-0.148926
1523946844140593,-0.144714,0.815857,-0.539551,-0.149231
1523946844164647,-0.144836,0.814636,-0.541443,-0.149231
1523946844178685,-0.144958,0.814026,-0.542358,-0.148926
1523946844200745,-0.145081,0.813843,-0.542664,-0.148621
1523946844223812,-0.145264,0.814392,-0.54187,-0.148438
1523946844238847,-0.145447,0.815491,-0.540283,-0.148193
1523946844260906,-0.145325,0.816711,-0.538452,-0.148071
1523946844283965,-0.145508,0.817749,-0.536682,-0.148499
1523946844298003,-0.145691,0.818665,-0.535156,-0.148926
1523946844321065,-0.145874,0.819397,-0.533875,-0.149475
1523946844344125,-0.146484,0.820374,-0.531921,-0.150391
1523946844358163,-0.146545,0.821472,-0.529968,-0.151123
1523946844381223,-0.146423,0.822144,-0.52887,-0.151489
1523946844404287,-0.146606,0.82251,-0.528198,-0.151733
1523946844418334,-0.147095,0.822815,-0.527466,-0.151978
1523946844440390,-0.148071,0.823364,-0.526245,-0.152283
1523946844464446,-0.148743,0.824646,-0.523987,-0.152466
1523946844478483,-0.148682,0.825989,-0.521973,-0.152283
1523946844500541,-0.148926,0.826965,-0.520447,-0.152039
1523946844523606,-0.149658,0.827698,-0.519104,-0.151672
1523946844538643,-0.150635,0.828491,-0.517761,-0.151306
1523946844560703,-0.151672,0.829529,-0.515747,-0.151184
1523946844583762,-0.152649,0.830811,-0.51355,-0.150879
1523946844598802,-0.153564,0.831848,-0.511536,-0.150757
1523946844620863,-0.154358,0.832703,-0.510071,-0.15033
1523946844643925,-0.155212,0.833252,-0.509155,-0.149658
1523946844657959,-0.155884,0.833679,-0.508484,-0.148865
1523946844681022,-0.156494,0.834229,-0.507568,-0.148254
1523946844704083,-0.157471,0.834839,-0.506348,-0.147827
1523946844718129,-0.157898,0.835571,-0.505127,-0.147461
1523946844741184,-0.158875,0.835999,-0.503967,-0.147766
1523946844763241,-0.15979,0.836121,-0.503479,-0.148071
1523946844778280,-0.160583,0.835999,-0.503418,-0.14801
1523946844801344,-0.161804,0.835999,-0.502991,-0.148132
1523946844823404,-0.16272,0.836182,-0.502258,-0.148438
1523946844838440,-0.163208,0.836487,-0.501465,-0.148865
1523946844860499,-0.163574,0.83667,-0.501038,-0.148987
1523946844883561,-0.16394,0.836548,-0.501038,-0.149353
1523946844898600,-0.164246,0.836304,-0.501221,-0.14978
1523946844920660,-0.164612,0.836426,-0.500793,-0.150146
1523946844943720,-0.164917,0.836853,-0.499817,-0.150513
1523946844958759,-0.164978,0.83728,-0.498962,-0.151001
1523946844980818,-0.164856,0.837524,-0.498657,-0.15094
1523946845002876,-0.164978,0.837585,-0.498535,-0.150818
1523946845018922,-0.164673,0.837708,-0.498413,-0.150879
1523946845040979,-0.164185,0.838196,-0.497559,-0.151062
1523946845063038,-0.163635,0.838562,-0.497131,-0.151062
1523946845078075,-0.163208,0.838562,-0.497192,-0.15155
1523946845101152,-0.163208,0.838745,-0.496765,-0.152039
1523946845123202,-0.163391,0.838806,-0.496521,-0.152405
1523946845138237,-0.163025,0.838745,-0.496643,-0.152405
1523946845161298,-0.162964,0.838745,-0.496704,-0.152344
1523946845183357,-0.16272,0.838806,-0.496643,-0.152466
1523946845198396,-0.16217,0.83905,-0.49646,-0.152527
1523946845220455,-0.161804,0.839172,-0.496277,-0.152649
1523946845243517,-0.161804,0.839172,-0.496277,-0.152649
1523946845258556,-0.162231,0.839172,-0.496094,-0.152832
1523946845280616,-0.162292,0.839355,-0.49585,-0.152649
1523946845303677,-0.16217,0.839417,-0.49585,-0.152466
1523946845318718,-0.161926,0.839417,-0.495911,-0.152527
1523946845340776,-0.161804,0.839661,-0.495483,-0.152466
1523946845363836,-0.161926,0.840088,-0.49469,-0.152527
1523946845377873,-0.161926,0.840271,-0.494446,-0.152527
1523946845400943,-0.161804,0.840149,-0.49469,-0.152649
1523946845422998,-0.16156,0.840149,-0.494751,-0.152649
1523946845446055,-0.16095,0.840393,-0.494446,-0.153015
1523946845461095,-0.160095,0.840759,-0.493835,-0.153564
1523946845483154,-0.159607,0.840881,-0.493591,-0.154175
1523946845506219,-0.159424,0.84082,-0.493652,-0.15448
1523946845521255,-0.159302,0.840759,-0.493835,-0.154663
1523946845543314,-0.159485,0.840698,-0.493774,-0.154724
1523946845566377,-0.159912,0.840881,-0.493286,-0.154907
1523946845580413,-0.159973,0.840942,-0.493164,-0.154907
1523946845603476,-0.15979,0.840759,-0.49353,-0.154968
1523946845626537,-0.159729,0.840515,-0.493835,-0.155273
1523946845640573,-0.160217,0.840759,-0.493225,-0.15564
1523946845663633,-0.160706,0.84137,-0.492004,-0.155701
1523946845685693,-0.160767,0.841614,-0.491699,-0.15509
1523946845700735,-0.16095,0.841553,-0.492065,-0.154297
1523946845723793,-0.161194,0.841309,-0.492493,-0.153687
1523946845745852,-0.161072,0.84137,-0.492615,-0.153381
1523946845760894,-0.160645,0.841797,-0.492004,-0.15332
1523946845782949,-0.160217,0.842346,-0.49115,-0.153503
1523946845806017,-0.160095,0.842529,-0.490723,-0.153992
1523946845821052,-0.160095,0.84259,-0.490356,-0.154724
1523946845843110,-0.160339,0.842651,-0.489929,-0.15564
1523946845866171,-0.1604,0.842834,-0.489502,-0.155884
1523946845881212,-0.1604,0.842651,-0.489868,-0.155823
1523946845903270,-0.160339,0.842468,-0.490173,-0.155701
1523946845926332,-0.160278,0.842346,-0.490479,-0.155762
1523946845940369,-0.159912,0.842529,-0.490295,-0.15564
1523946845963431,-0.159546,0.843201,-0.489197,-0.15564
1523946845985491,-0.159058,0.844177,-0.487793,-0.155334
1523946846000563,-0.158447,0.844482,-0.487854,-0.154175
1523946846023590,-0.158081,0.844604,-0.488281,-0.152466
1523946846045649,-0.159058,0.844788,-0.488098,-0.151123
1523946846060690,-0.15979,0.845337,-0.487244,-0.149902
1523946846083769,-0.1604,0.845947,-0.486267,-0.148865
1523946846105811,-0.160706,0.846436,-0.485596,-0.148071
1523946846120850,-0.161072,0.846741,-0.484985,-0.147766
1523946846142907,-0.161011,0.847168,-0.484131,-0.148315
1523946846165968,-0.160095,0.847717,-0.483093,-0.149536
1523946846181008,-0.15918,0.848511,-0.481506,-0.151001
1523946846203068,-0.157959,0.849182,-0.480286,-0.152527
1523946846226129,-0.156799,0.84967,-0.47937,-0.153809
1523946846241168,-0.155701,0.850037,-0.478882,-0.154541
1523946846263228,-0.154724,0.850403,-0.478516,-0.154663
1523946846286289,-0.154419,0.850464,-0.478638,-0.154358
1523946846301331,-0.153931,0.850525,-0.478638,-0.154175
1523946846323390,-0.153748,0.850586,-0.478699,-0.153931
1523946846345448,-0.153503,0.850342,-0.479248,-0.153809
1523946846360486,-0.153198,0.850159,-0.479675,-0.153809
1523946846383581,-0.153137,0.849976,-0.480042,-0.153992
1523946846405613,-0.152588,0.849792,-0.480347,-0.154358
1523946846420646,-0.151794,0.849487,-0.481018,-0.154724
1523946846443707,-0.151367,0.84906,-0.481812,-0.154785
1523946846465764,-0.15094,0.848938,-0.482178,-0.154907
1523946846482815,-0.150635,0.848999,-0.482178,-0.154968
1523946846503868,-0.150635,0.848999,-0.482178,-0.154968
1523946846525927,-0.150635,0.848999,-0.482178,-0.154968
1523946846541969,-0.150513,0.848999,-0.482117,-0.155212
1523946846563025,-0.150391,0.848999,-0.481995,-0.155701
1523946846586088,-0.150391,0.849121,-0.48175,-0.155945
1523946846602127,-0.150757,0.849182,-0.481445,-0.156189
1523946846623185,-0.151245,0.849304,-0.481018,-0.156372
1523946846646244,-0.151733,0.849243,-0.481079,-0.156128
1523946846670310,-0.152893,0.848999,-0.481262,-0.15564
1523946846683353,-0.154358,0.848999,-0.480896,-0.155396
1523946846706407,-0.155029,0.848755,-0.481079,-0.155273
1523946846722463,-0.155518,0.848145,-0.482117,-0.155029
1523946846743505,-0.155823,0.847961,-0.482361,-0.154846
1523946846765563,-0.156128,0.84845,-0.481506,-0.154602
1523946846782610,-0.156372,0.84906,-0.48053,-0.154053
1523946846803664,-0.156555,0.849243,-0.480286,-0.153442
1523946846825727,-0.156677,0.848938,-0.481079,-0.152771
1523946846841766,-0.156982,0.848511,-0.481628,-0.152832
1523946846862822,-0.15686,0.848633,-0.481445,-0.153076
1523946846885883,-0.156311,0.848999,-0.481018,-0.153076
1523946846901926,-0.155579,0.84906,-0.481201,-0.152832
1523946846922982,-0.154968,0.848755,-0.481995,-0.152588
1523946846946042,-0.154541,0.848572,-0.482605,-0.152222
1523946846968103,-0.154297,0.84845,-0.482971,-0.151855
1523946846983144,-0.153931,0.848328,-0.483459,-0.151306
1523946847006202,-0.153625,0.848206,-0.483948,-0.150696
1523946847028260,-0.153198,0.848145,-0.484497,-0.150024
1523946847043302,-0.152954,0.847961,-0.485046,-0.149292
1523946847066363,-0.152771,0.847534,-0.486084,-0.148621
1523946847089425,-0.152405,0.846924,-0.487427,-0.14801
1523946847103461,-0.151978,0.846008,-0.48938,-0.147339
1523946847125519,-0.151611,0.84491,-0.491577,-0.146667
1523946847148581,-0.15094,0.843445,-0.494507,-0.145874
1523946847163622,-0.149841,0.841431,-0.498535,-0.144897
1523946847185679,-0.148743,0.8396,-0.502258,-0.143677
1523946847208740,-0.148926,0.838745,-0.503784,-0.143188
1523946847223781,-0.148315,0.838745,-0.504089,-0.142944
1523946847245841,-0.146667,0.837585,-0.506836,-0.141663
1523946847267900,-0.145325,0.834717,-0.51239,-0.140015
1523946847282942,-0.144165,0.831848,-0.517822,-0.138245
1523946847306000,-0.143127,0.829956,-0.521606,-0.136658
1523946847328058,-0.141724,0.829163,-0.523621,-0.134888
1523946847343098,-0.139465,0.828186,-0.526306,-0.132935
1523946847366163,-0.137817,0.826599,-0.529602,-0.131165
1523946847388220,-0.137695,0.825806,-0.531128,-0.130188
1523946847405263,-0.138184,0.826843,-0.529602,-0.129578
1523946847426320,-0.138123,0.828369,-0.527405,-0.12854
1523946847448377,-0.138794,0.829712,-0.525269,-0.12793
1523946847464422,-0.140076,0.831848,-0.521545,-0.128113
1523946847485477,-0.141479,0.835266,-0.515564,-0.12854
1523946847508538,-0.142029,0.838501,-0.510193,-0.128479
1523946847524580,-0.142212,0.840088,-0.50769,-0.127625
1523946847545639,-0.143494,0.840271,-0.507141,-0.127136
1523946847568697,-0.145691,0.841309,-0.5047,-0.127625
1523946847584740,-0.146729,0.84314,-0.501099,-0.128174
1523946847605796,-0.147034,0.844421,-0.498901,-0.128174
1523946847627857,-0.147888,0.844482,-0.498535,-0.128296
1523946847644901,-0.149353,0.845093,-0.496765,-0.129395
1523946847665968,-0.150696,0.846863,-0.49292,-0.130981
1523946847688016,-0.152161,0.848999,-0.488342,-0.132568
1523946847705063,-0.153442,0.850464,-0.484924,-0.134033
1523946847726117,-0.154846,0.851196,-0.482849,-0.135315
1523946847748174,-0.157043,0.852112,-0.479919,-0.137451
1523946847765221,-0.15918,0.854309,-0.47467,-0.139709
1523946847786277,-0.160522,0.856384,-0.470093,-0.140686
1523946847808335,-0.160706,0.857666,-0.467834,-0.140625
1523946847824380,-0.161621,0.857788,-0.467285,-0.140503
1523946847845434,-0.163086,0.858032,-0.466064,-0.141296
1523946847868496,-0.164124,0.859863,-0.461792,-0.143066
1523946847884538,-0.164185,0.862122,-0.457031,-0.144714
1523946847905593,-0.163818,0.863586,-0.454041,-0.145569
1523946847928656,-0.164063,0.86438,-0.452454,-0.145752
1523946847944697,-0.164612,0.865112,-0.450806,-0.145935
1523946847965757,-0.16394,0.865723,-0.450073,-0.145325
1523946847988816,-0.162903,0.865662,-0.450928,-0.144104
1523946848004861,-0.161743,0.865173,-0.452698,-0.142822
1523946848025912,-0.160583,0.864441,-0.454834,-0.141541
1523946848047971,-0.160522,0.864319,-0.455566,-0.140076
1523946848065020,-0.160339,0.864075,-0.45636,-0.139343
1523946848086074,-0.159729,0.862488,-0.4599,-0.138062
1523946848108132,-0.159485,0.860352,-0.464355,-0.136597
1523946848131193,-0.15918,0.858765,-0.467773,-0.135559
1523946848146233,-0.158142,0.857544,-0.470703,-0.13446
1523946848168292,-0.156738,0.855957,-0.474426,-0.132813
1523946848191354,-0.155945,0.854187,-0.478394,-0.131287
1523946848205390,-0.155518,0.852966,-0.480896,-0.130249
1523946848228452,-0.154419,0.852234,-0.482849,-0.129089
1523946848250511,-0.153381,0.851318,-0.485229,-0.127686
1523946848265553,-0.152893,0.850281,-0.487427,-0.126648
1523946848288613,-0.152954,0.849854,-0.488464,-0.12561
1523946848304655,-0.15332,0.850464,-0.487366,-0.125
1523946848327716,-0.152832,0.850952,-0.486938,-0.124329
1523946848348773,-0.152832,0.850403,-0.487976,-0.123779
1523946848364815,-0.153625,0.84967,-0.489075,-0.123596
1523946848386874,-0.154358,0.84967,-0.488708,-0.123901
1523946848407931,-0.154602,0.850098,-0.487732,-0.12439
1523946848424975,-0.154236,0.850464,-0.487244,-0.124451
1523946848447033,-0.153442,0.850525,-0.487549,-0.124023
1523946848468090,-0.152527,0.850647,-0.487854,-0.123169
1523946848491153,-0.151611,0.851074,-0.487366,-0.122864
1523946848507193,-0.151306,0.851929,-0.486023,-0.122742
1523946848528250,-0.151855,0.85321,-0.483643,-0.122742
1523946848551311,-0.1521,0.854431,-0.481506,-0.122253
1523946848567353,-0.152283,0.855225,-0.480286,-0.121399
1523946848588412,-0.153076,0.855591,-0.479431,-0.120911
1523946848610467,-0.154175,0.856018,-0.478333,-0.121216
1523946848627512,-0.155579,0.856384,-0.476807,-0.122437
1523946848648576,-0.156189,0.856689,-0.475708,-0.124084
1523946848670635,-0.156189,0.856934,-0.474854,-0.125671
1523946848687675,-0.156494,0.856812,-0.474426,-0.127441
1523946848708731,-0.157043,0.855591,-0.476135,-0.128662
1523946848730790,-0.157593,0.852844,-0.480896,-0.128479
1523946848746831,-0.158508,0.848816,-0.488159,-0.126953
1523946848767888,-0.15918,0.843689,-0.496948,-0.126343
1523946848790949,-0.158264,0.83844,-0.505859,-0.126587
1523946848806989,-0.156433,0.832642,-0.515869,-0.127136
1523946848828046,-0.154175,0.826782,-0.525635,-0.127747
1523946848851108,-0.151672,0.82074,-0.535645,-0.128357
1523946848867151,-0.148621,0.815125,-0.544617,-0.129761
1523946848888208,-0.145935,0.809082,-0.554199,-0.13031
1523946848911267,-0.143799,0.803101,-0.563232,-0.130981
1523946848927310,-0.141174,0.797668,-0.571533,-0.130737
1523946848948374,-0.138611,0.793091,-0.578674,-0.130188
1523946848970432,-0.13562,0.789795,-0.583984,-0.129639
1523946848987471,-0.132935,0.787659,-0.587769,-0.12854
1523946849008527,-0.130798,0.786316,-0.590576,-0.125732
1523946849030584,-0.128235,0.784485,-0.594482,-0.121277
1523946849047630,-0.125183,0.77948,-0.602722,-0.11615
1523946849068686,-0.123657,0.771973,-0.613464,-0.111145
1523946849090746,-0.123718,0.76416,-0.624146,-0.105774
1523946849106787,-0.12439,0.756775,-0.634033,-0.098877
1523946849127842,-0.124878,0.752747,-0.639709,-0.0924072
1523946849150904,-0.125977,0.74884,-0.644958,-0.0860596
1523946849166949,-0.128235,0.743591,-0.651489,-0.0787354
1523946849188005,-0.131653,0.737122,-0.658813,-0.0722046
1523946849211065,-0.135437,0.731445,-0.664856,-0.0681152
1523946849227107,-0.13855,0.726746,-0.669739,-0.0639038
1523946849248180,-0.142029,0.721924,-0.674744,-0.0579834
1523946849271226,-0.145203,0.715576,-0.681213,-0.0531616
1523946849287266,-0.147827,0.709778,-0.687012,-0.0494385
1523946849309326,-0.150513,0.705383,-0.691101,-0.0461426
1523946849331388,-0.153076,0.702637,-0.693542,-0.0427856
1523946849347430,-0.155334,0.700439,-0.695496,-0.0392456
1523946849369491,-0.15741,0.696777,-0.698853,-0.0360107
1523946849390543,-0.159363,0.692383,-0.702942,-0.0333862
1523946849407588,-0.160828,0.689392,-0.705627,-0.0314331
1523946849429646,-0.16217,0.688171,-0.706543,-0.0299683
1523946849450704,-0.163879,0.687134,-0.707275,-0.0287476
1523946849467747,-0.165466,0.685303,-0.708679,-0.027832
1523946849489805,-0.166382,0.683289,-0.710449,-0.0268555
1523946849510862,-0.166931,0.681824,-0.711731,-0.0265503
1523946849526903,-0.16748,0.681091,-0.712341,-0.0266724
1523946849549965,-0.168762,0.680298,-0.712708,-0.0267334
1523946849571023,-0.170593,0.679199,-0.713379,-0.0272827
1523946849587063,-0.171753,0.677551,-0.7146,-0.0282593
1523946849610124,-0.172546,0.676331,-0.715515,-0.0292969
1523946849631189,-0.173096,0.676819,-0.714905,-0.0297852
1523946849647224,-0.172974,0.677124,-0.714661,-0.02948
1523946849670288,-0.172729,0.676025,-0.715759,-0.0294189
1523946849691342,-0.172119,0.675049,-0.716797,-0.0294189
1523946849707386,-0.172058,0.674255,-0.717529,-0.0302124
1523946849729443,-0.171753,0.674622,-0.717285,-0.0308228
1523946849750499,-0.171753,0.674194,-0.717651,-0.031189
1523946849767544,-0.171631,0.673035,-0.71875,-0.0315552
1523946849789602,-0.171448,0.672485,-0.719299,-0.0317383
1523946849810658,-0.171997,0.672485,-0.719177,-0.031189
1523946849827704,-0.172791,0.672119,-0.71936,-0.0305176
1523946849849763,-0.173523,0.671814,-0.719482,-0.0297241
1523946849870821,-0.174561,0.671387,-0.719666,-0.0291748
1523946849886862,-0.175598,0.671387,-0.719421,-0.0291748
1523946849909921,-0.176575,0.671265,-0.719238,-0.0297852
1523946849930981,-0.177612,0.670837,-0.71936,-0.0304565
1523946849953041,-0.178406,0.670593,-0.719421,-0.0308228
1523946849970083,-0.178772,0.670898,-0.719055,-0.0308228
1523946849991138,-0.179077,0.671082,-0.718811,-0.0308838
1523946850013196,-0.179199,0.671265,-0.718567,-0.0303345
1523946850030251,-0.179871,0.671082,-0.718628,-0.0303345
1523946850051298,-0.180237,0.671692,-0.717957,-0.0299683
1523946850073356,-0.180603,0.672241,-0.717346,-0.0297241
1523946850089399,-0.180664,0.67218,-0.717407,-0.0291138
1523946850110457,-0.180969,0.672058,-0.717529,-0.0283813
1523946850133517,-0.180908,0.671631,-0.717896,-0.0276489
1523946850149559,-0.180664,0.671509,-0.71814,-0.0266724
1523946850170617,-0.180542,0.671509,-0.718262,-0.0257568
1523946850193676,-0.180542,0.671143,-0.718567,-0.0250854
1523946850209718,-0.180542,0.670715,-0.718994,-0.0245361
1523946850231778,-0.180359,0.670654,-0.719116,-0.0238647
1523946850261857,-0.180237,0.671143,-0.718689,-0.0231934
1523946850269880,-0.180359,0.671509,-0.718323,-0.0223999
1523946850291938,-0.181152,0.671875,-0.717834,-0.0219727
1523946850314007,-0.182251,0.672241,-0.717224,-0.0214844
1523946850330050,-0.183594,0.672607,-0.716553,-0.0211792
1523946850352105,-0.185303,0.673828,-0.714966,-0.0222778
1523946850373154,-0.186584,0.674622,-0.713806,-0.0232544
1523946850390198,-0.187622,0.674744,-0.71344,-0.0239868
1523946850412257,-0.187927,0.675598,-0.712524,-0.0254517
1523946850433314,-0.188293,0.677002,-0.710999,-0.02771
1523946850449356,-0.188599,0.678345,-0.709473,-0.0303955
1523946850472419,-0.189087,0.679993,-0.707642,-0.0331421
1523946850493474,-0.189514,0.681091,-0.706421,-0.0349121
1523946850509515,-0.19043,0.682007,-0.7052,-0.036377
1523946850532577,-0.191223,0.683838,-0.703125,-0.0379639
1523946850553636,-0.192017,0.686218,-0.7005,-0.0391846
1523946850569677,-0.19281,0.68927,-0.697205,-0.0409546
1523946850592740,-0.193115,0.691101,-0.69519,-0.0419312
1523946850613800,-0.194214,0.69043,-0.695557,-0.0428467
1523946850629841,-0.195557,0.690369,-0.695129,-0.0441284
1523946850651896,-0.196777,0.69165,-0.69342,-0.0457764
1523946850672950,-0.197388,0.693848,-0.690857,-0.0479736
1523946850689997,-0.197937,0.695679,-0.688782,-0.0498047
1523946850712054,-0.198669,0.696838,-0.687195,-0.0516968
1523946850733111,-0.199463,0.698242,-0.685425,-0.0537109
1523946850750157,-0.19989,0.701233,-0.68219,-0.0546875
1523946850773219,-0.200317,0.703796,-0.679382,-0.0549927
1523946850793272,-0.20105,0.704956,-0.677917,-0.0553589
1523946850810316,-0.202209,0.705627,-0.67688,-0.0552368
1523946850832375,-0.203674,0.706787,-0.675232,-0.0554199
1523946850853432,-0.204224,0.709412,-0.672302,-0.055603
1523946850869475,-0.203735,0.71167,-0.670227,-0.0536499
1523946850892534,-0.203003,0.713684,-0.668457,-0.0513306
1523946850913594,-0.201416,0.717651,-0.664734,-0.0498047
1523946850929637,-0.199097,0.721436,-0.66156,-0.0478516
1523946850952696,-0.196716,0.723694,-0.659912,-0.0461426
1523946850973751,-0.195068,0.724792,-0.659241,-0.045105
1523946850989794,-0.194214,0.725952,-0.658264,-0.0444946
1523946851011851,-0.193298,0.728699,-0.655518,-0.0439453
1523946851041932,-0.191711,0.731995,-0.652344,-0.0431519
1523946851049953,-0.189453,0.734558,-0.650208,-0.0419922
1523946851072011,-0.187256,0.736267,-0.648987,-0.0405273
1523946851093068,-0.184937,0.738464,-0.647278,-0.0390015
1523946851116129,-0.181824,0.741943,-0.644287,-0.0368652
1523946851132172,-0.177429,0.74585,-0.641174,-0.0341797
1523946851153232,-0.171875,0.748352,-0.639893,-0.0305786
1523946851176290,-0.166687,0.750671,-0.638733,-0.0269165
1523946851192333,-0.161682,0.753845,-0.636414,-0.0230713
1523946851214390,-0.157776,0.75708,-0.633667,-0.0200195
1523946851235448,-0.154175,0.759277,-0.63208,-0.0167236
1523946851252492,-0.151001,0.760742,-0.631104,-0.0134888
1523946851274550,-0.14801,0.762695,-0.629517,-0.00994873
1523946851295608,-0.144958,0.765259,-0.627197,-0.00604248
1523946851312659,-0.140991,0.767822,-0.624939,-0.00183105
1523946851334713,-0.135803,0.769592,-0.623901,0.00305176
1523946851355766,-0.131165,0.770569,-0.623718,0.00732422
1523946851371808,-0.127502,0.771667,-0.623047,0.0111084
1523946851394871,-0.12439,0.773071,-0.621887,0.0146484
1523946851415927,-0.121155,0.775085,-0.619873,0.0180054
1523946851431968,-0.11792,0.777405,-0.617432,0.0217285
1523946851455030,-0.114624,0.778992,-0.615967,0.0249023
1523946851476086,-0.111389,0.779785,-0.615417,0.027771
1523946851492128,-0.108093,0.780334,-0.615173,0.0307617
1523946851515190,-0.104614,0.781799,-0.613708,0.0339355
1523946851536246,-0.100403,0.784424,-0.61084,0.0379639
1523946851552291,-0.0950928,0.78717,-0.607849,0.0426636
1523946851574348,-0.0884399,0.78894,-0.606201,0.0476074
1523946851596408,-0.0811768,0.78894,-0.60675,0.0531006
1523946851612455,-0.0748901,0.788391,-0.60791,0.0575562
1523946851634512,-0.0698853,0.788025,-0.608521,0.0612793
1523946851655563,-0.0661621,0.787903,-0.608765,0.0650635
1523946851672609,-0.0626221,0.788025,-0.608582,0.0686646
1523946851694666,-0.0587769,0.788696,-0.607666,0.0723267
1523946851715724,-0.0543213,0.788818,-0.607361,0.0767212
1523946851731765,-0.0494385,0.788208,-0.608093,0.0808105
1523946851754828,-0.0440063,0.786926,-0.609619,0.0845947
1523946851775883,-0.0388184,0.785706,-0.611145,0.0876465
1523946851791926,-0.0345459,0.786011,-0.610474,0.0911255
1523946851814987,-0.0311279,0.787048,-0.608765,0.0947876
1523946851836047,-0.02771,0.787903,-0.607361,0.0976563
1523946851852085,-0.0245972,0.787231,-0.608032,0.0999146
1523946851875146,-0.0219727,0.785706,-0.609741,0.102051
1523946851896206,-0.0196533,0.784851,-0.610596,0.103638
1523946851912251,-0.017334,0.7854,-0.609619,0.105835
1523946851935307,-0.0153198,0.787109,-0.606995,0.108582
1523946851956363,-0.0129395,0.788635,-0.604675,0.110901
1523946851972406,-0.00982666,0.788879,-0.604004,0.112793
1523946851994464,-0.00683594,0.788879,-0.603699,0.114685
1523946852015520,-0.00354004,0.789246,-0.602783,0.117004
1523946852032566,-0.000183105,0.790222,-0.601074,0.119629
1523946852053623,0.00268555,0.791077,-0.599365,0.122192
1523946852076683,0.00549316,0.790955,-0.59906,0.124268
1523946852091724,0.00830078,0.789185,-0.601196,0.125183
1523946852113783,0.0098877,0.786804,-0.604492,0.124329
1523946852136845,0.0106201,0.784912,-0.607239,0.122742
1523946852151881,0.0101929,0.784058,-0.608704,0.120789
1523946852173941,0.00848389,0.78418,-0.609131,0.117859
1523946852196001,0.00622559,0.784302,-0.609863,0.113525
1523946852212051,0.00463867,0.78418,-0.610962,0.108521
1523946852234109,0.00402832,0.784912,-0.610779,0.103943
1523946852256160,0.00421143,0.78656,-0.609314,0.100159
1523946852271200,0.00494385,0.788269,-0.607666,0.0964966
1523946852294262,0.0065918,0.788879,-0.607483,0.0927124
1523946852316325,0.00860596,0.788574,-0.608459,0.088501
1523946852339381,0.0106812,0.787964,-0.609924,0.0834351
1523946852354422,0.0130005,0.787109,-0.611694,0.078064
1523946852376480,0.0142212,0.786011,-0.613708,0.0731812
1523946852398540,0.0149536,0.784302,-0.616455,0.0679932
1523946852413580,0.0159302,0.781555,-0.620544,0.0618896
1523946852436643,0.0169678,0.778625,-0.624756,0.055542
1523946852458700,0.0175171,0.776733,-0.627625,0.0494385
1523946852473739,0.0174561,0.776062,-0.628967,0.0429077
1523946852496802,0.0164795,0.775574,-0.630005,0.0357666
1523946852518862,0.0152588,0.774658,-0.631592,0.0280151
1523946852533907,0.013916,0.772644,-0.634399,0.0202026
1523946852556961,0.0129395,0.771667,-0.635742,0.0128784
1523946852579025,0.0124512,0.771118,-0.636536,0.00598145
1523946852594059,0.0118408,0.770813,-0.636963,-0.000915527
1523946852616117,0.0114136,0.769775,-0.638123,-0.00738525
1523946852639177,0.0113525,0.767761,-0.640503,-0.0134277
1523946852654218,0.0115356,0.766113,-0.642273,-0.019043
1523946852676276,0.0122681,0.766968,-0.641113,-0.0250244
1523946852699340,0.0140991,0.767761,-0.639893,-0.0300293
1523946852714378,0.0170898,0.766663,-0.640808,-0.0352173
1523946852736438,0.0217285,0.762817,-0.644897,-0.0412598
1523946852758496,0.0271606,0.756897,-0.651184,-0.048584
1523946852773535,0.0324707,0.750183,-0.657837,-0.0579224
1523946852796598,0.0380859,0.744141,-0.663269,-0.0695801
1523946852818658,0.0443115,0.739685,-0.666321,-0.0831299
1523946852833696,0.0501099,0.735901,-0.66803,-0.0985718
1523946852856758,0.0544434,0.731628,-0.669617,-0.115662
1523946852878817,0.0567017,0.725403,-0.672974,-0.132813
1523946852893855,0.0568237,0.717102,-0.67865,-0.148071
1523946852916921,0.0553589,0.707886,-0.685242,-0.16217
1523946852938974,0.0518188,0.700806,-0.689636,-0.174866
1523946852954016,0.0466919,0.697327,-0.690491,-0.186523
1523946852976074,0.0395508,0.694702,-0.689941,-0.199341
1523946852999137,0.031311,0.692078,-0.688965,-0.213074
1523946853014176,0.0236206,0.688721,-0.688843,-0.224976
1523946853036234,0.0154419,0.685608,-0.689209,-0.233948
1523946853059295,0.00732422,0.684692,-0.688171,-0.239868
1523946853074336,-0.000488281,0.685608,-0.686218,-0.242981
1523946853096394,-0.00817871,0.686096,-0.685059,-0.244751
1523946853119456,-0.0150757,0.685486,-0.685303,-0.245483
1523946853133494,-0.0211182,0.684082,-0.686829,-0.244629
1523946853156554,-0.0266724,0.682861,-0.688599,-0.242493
1523946853178619,-0.0314331,0.681946,-0.690247,-0.239746
1523946853193652,-0.034668,0.681824,-0.691467,-0.236206
1523946853216720,-0.0374756,0.681824,-0.69281,-0.23175
1523946853238771,-0.0397339,0.683289,-0.692932,-0.226685
1523946853255816,-0.0410156,0.684082,-0.694336,-0.219727
1523946853276873,-0.0427856,0.683044,-0.697693,-0.211731
1523946853298934,-0.0426636,0.681885,-0.701294,-0.203369
1523946853314975,-0.0409546,0.680298,-0.705383,-0.194824
1523946853336035,-0.0385742,0.678711,-0.709473,-0.185852
1523946853359094,-0.0330811,0.679077,-0.711609,-0.177307
1523946853375134,-0.024231,0.679565,-0.713074,-0.170715
1523946853396192,-0.0134277,0.680786,-0.713196,-0.166443
1523946853419257,-0.000671387,0.683044,-0.711792,-0.163635
1523946853435294,0.0130005,0.686035,-0.708984,-0.162903
1523946853456351,0.0271606,0.689514,-0.704834,-0.164368
1523946853479413,0.0404053,0.69458,-0.69812,-0.168884
1523946853496458,0.0512085,0.699646,-0.690735,-0.175293
1523946853516514,0.0581665,0.701416,-0.686523,-0.182312
1523946853538569,0.0583496,0.698059,-0.6875,-0.191467
1523946853555614,0.0515137,0.692078,-0.690063,-0.205444
1523946853576670,0.0404663,0.685425,-0.6922,-0.222351
1523946853598731,0.0278931,0.678711,-0.693726,-0.239319
1523946853615777,0.0136108,0.671387,-0.695984,-0.254272
1523946853636831,-0.00128174,0.664734,-0.698364,-0.265381
1523946853658891,-0.0162354,0.660217,-0.69873,-0.274963
1523946853675934,-0.0263672,0.656799,-0.699829,-0.279663
1523946853695990,-0.0318604,0.653015,-0.702881,-0.280273
1523946853719051,-0.0335693,0.654297,-0.702637,-0.27771
1523946853735092,-0.0360107,0.655884,-0.702515,-0.273743
1523946853756147,-0.0406494,0.652527,-0.705872,-0.272644
1523946853779211,-0.0447388,0.646301,-0.711426,-0.272339
1523946853794256,-0.0471802,0.643188,-0.713257,-0.274475
1523946853816314,-0.0465698,0.643677,-0.712097,-0.276489
1523946853839370,-0.0444336,0.646484,-0.709167,-0.277893
1523946853854409,-0.0428467,0.646484,-0.709534,-0.277161
1523946853876468,-0.0442505,0.642395,-0.713806,-0.275391
1523946853899533,-0.0471802,0.637268,-0.719177,-0.272949
1523946853921588,-0.0505981,0.631653,-0.724487,-0.27124
1523946853936627,-0.0551147,0.625122,-0.730286,-0.269958
1523946853958686,-0.06073,0.620178,-0.733887,-0.270447
1523946853981750,-0.0651855,0.618042,-0.73468,-0.272156
1523946853996786,-0.0697021,0.614624,-0.736389,-0.27417
1523946854018849,-0.0753174,0.61084,-0.737854,-0.277161
1523946854041909,-0.0789795,0.608765,-0.738037,-0.280212
1523946854056948,-0.0812378,0.608521,-0.737061,-0.282593
1523946854079007,-0.0823975,0.609558,-0.735291,-0.284729
1523946854102069,-0.0814209,0.611938,-0.733154,-0.285278
1523946854116105,-0.0799561,0.612915,-0.733032,-0.283936
1523946854139165,-0.0783081,0.612488,-0.734497,-0.281616
1523946854156211,-0.0762939,0.612122,-0.736023,-0.27887
1523946854178271,-0.074585,0.613281,-0.736145,-0.276489
1523946854199329,-0.0726318,0.613586,-0.736816,-0.274597
1523946854221384,-0.0714722,0.611328,-0.739075,-0.273804
1523946854237428,-0.0721436,0.608765,-0.740906,-0.274536
1523946854258486,-0.0720215,0.608215,-0.740234,-0.277405
1523946854281546,-0.069397,0.609131,-0.738281,-0.281372
1523946854297588,-0.0664063,0.610168,-0.736023,-0.285645
1523946854318644,-0.0628662,0.611206,-0.733521,-0.290649
1523946854341704,-0.0588379,0.612366,-0.731018,-0.295288
1523946854357747,-0.0545044,0.613281,-0.728943,-0.299255
1523946854378805,-0.0508423,0.613464,-0.727661,-0.302612
1523946854401866,-0.0485229,0.612427,-0.72699,-0.306702
1523946854417908,-0.0476074,0.610168,-0.727112,-0.310974
1523946854438963,-0.0479126,0.608948,-0.726501,-0.31488
1523946854461025,-0.0470581,0.609619,-0.724426,-0.318481
1523946854478068,-0.0466309,0.609192,-0.723511,-0.32135
1523946854499130,-0.0484009,0.606873,-0.72406,-0.32428
1523946854521182,-0.0476685,0.60675,-0.723145,-0.326538
1523946854538226,-0.0415649,0.612305,-0.719421,-0.325317
1523946854559282,-0.0328979,0.62323,-0.713013,-0.31958
1523946854581345,-0.024231,0.63501,-0.706665,-0.311157
1523946854598390,-0.0162964,0.644958,-0.702454,-0.300537
1523946854619444,-0.0108643,0.653992,-0.699768,-0.287292
1523946854641502,-0.00726318,0.662476,-0.69812,-0.271606
1523946854657544,-0.00256348,0.670105,-0.697571,-0.253601
1523946854678602,0.0022583,0.680237,-0.69458,-0.234253
1523946854701664,0.00524902,0.692993,-0.688477,-0.213867
1523946854717704,0.00384521,0.707397,-0.679565,-0.194336
1523946854738762,-0.00219727,0.720093,-0.671387,-0.175232
1523946854761821,-0.0109863,0.730225,-0.664978,-0.156494
1523946854777864,-0.0198975,0.739075,-0.65863,-0.139832
1523946854798926,-0.0293579,0.747803,-0.651672,-0.123413
1523946854820978,-0.0391235,0.756042,-0.64447,-0.107727
1523946854838023,-0.0497437,0.762634,-0.638306,-0.09198
1523946854859080,-0.0602417,0.767578,-0.633362,-0.0776367
1523946854881139,-0.0685425,0.770569,-0.630493,-0.0634766
1523946854898188,-0.0767212,0.771606,-0.629395,-0.0504761
1523946854919240,-0.0852661,0.772339,-0.628235,-0.0388794
1523946854941299,-0.0933838,0.772583,-0.62738,-0.0280762
1523946854957341,-0.100098,0.771301,-0.628235,-0.0183105
1523946854979400,-0.10614,0.769043,-0.630249,-0.010376
1523946855001460,-0.112427,0.767151,-0.631531,-0.0043335
1523946855017500,-0.118774,0.766357,-0.631348,0.000244141
1523946855038559,-0.124084,0.765625,-0.631226,0.0043335
1523946855061620,-0.128174,0.763733,-0.632629,0.00830078
1523946855077662,-0.131775,0.761169,-0.634949,0.0115356
1523946855098723,-0.135681,0.761719,-0.633423,0.0144653
1523946855121778,-0.140381,0.766602,-0.626404,0.0167847
1523946855136819,-0.144226,0.772278,-0.618408,0.0183716
1523946855160885,-0.150635,0.776184,-0.611938,0.0195313
1523946855181943,-0.161255,0.777771,-0.607178,0.0209961
1523946855196980,-0.173096,0.778015,-0.603455,0.0230713
1523946855220040,-0.17627,0.772278,-0.609863,0.0250244
1523946855241096,-0.179016,0.769531,-0.612671,0.0200806
1523946855257138,-0.187073,0.76825,-0.612,0.0152588
1523946855280200,-0.191833,0.76886,-0.609863,0.0128784
1523946855301256,-0.192871,0.768555,-0.609924,0.0136108
1523946855317298,-0.195435,0.766663,-0.611389,0.0142822
1523946855340359,-0.197998,0.764648,-0.613098,0.0140381
1523946855361418,-0.200256,0.763428,-0.613892,0.0139771
1523946855377460,-0.201843,0.762268,-0.614807,0.0142212
1523946855400521,-0.203247,0.760498,-0.616516,0.0143433
1523946855421575,-0.203979,0.758301,-0.61908,0.013916
1523946855437617,-0.203491,0.756348,-0.621643,0.0126953
1523946855460682,-0.201416,0.754761,-0.624207,0.010498
1523946855481738,-0.197388,0.75354,-0.627014,0.00732422
1523946855497782,-0.191467,0.752686,-0.629883,0.003479
1523946855520840,-0.182983,0.75238,-0.632813,-0.00152588
1523946855541895,-0.171509,0.753113,-0.635132,-0.00775146
1523946855556936,-0.157776,0.754456,-0.636902,-0.0152588
1523946855579996,-0.142334,0.75592,-0.63855,-0.0239868
1523946855601055,-0.125732,0.757141,-0.640198,-0.0335083
1523946855617094,-0.108948,0.756897,-0.642822,-0.0442505
1523946855640155,-0.0927124,0.7547,-0.647095,-0.0561523
1523946855661215,-0.0775757,0.750427,-0.65271,-0.069397
1523946855677256,-0.0640259,0.744568,-0.65918,-0.0836182
1523946855700318,-0.0529785,0.737366,-0.666077,-0.0990601
1523946855729394,-0.0446777,0.729004,-0.673218,-0.115479
1523946855743435,-0.0386353,0.719482,-0.680603,-0.132629
1523946855760477,-0.0335083,0.710266,-0.687134,-0.149048
1523946855781540,-0.0305176,0.701843,-0.692261,-0.1651
1523946855803590,-0.0283813,0.695618,-0.694885,-0.180298
1523946855820635,-0.0273438,0.69104,-0.695313,-0.195801
1523946855841692,-0.0281982,0.687012,-0.694702,-0.211182
1523946855865760,-0.0281372,0.683289,-0.693909,-0.225525
1523946855879794,-0.0274658,0.678955,-0.693359,-0.239746
1523946855901853,-0.0282593,0.672363,-0.695129,-0.25293
1523946855923911,-0.0288086,0.667297,-0.695557,-0.264771
1523946855939953,-0.0276489,0.665833,-0.692566,-0.276123
1523946855961012,-0.0247192,0.666382,-0.687866,-0.286682
1523946855984074,-0.020752,0.667114,-0.683044,-0.296692
1523946856000113,-0.015625,0.668091,-0.678406,-0.305298
1523946856021169,-0.0100098,0.669373,-0.673889,-0.312622
1523946856044233,-0.00408936,0.671753,-0.668884,-0.31842
1523946856059281,0.00146484,0.67395,-0.665039,-0.321777
1523946856084337,0.00744629,0.67511,-0.662964,-0.323547
1523946856104391,0.0136108,0.675781,-0.661194,-0.325623
1523946856119430,0.0197144,0.677124,-0.658691,-0.327454
1523946856142495,0.0254517,0.678101,-0.656555,-0.329346
1523946856164554,0.029541,0.677917,-0.655151,-0.332092
1523946856179593,0.0335693,0.677551,-0.65387,-0.335083
1523946856202652,0.0392456,0.677795,-0.652039,-0.337463
1523946856223708,0.0454712,0.67865,-0.649963,-0.339111
1523946856239750,0.0512085,0.680237,-0.647339,-0.339966
1523946856262813,0.0545654,0.680359,-0.646484,-0.340881
1523946856283870,0.0543213,0.678589,-0.647095,-0.343323
1523946856299911,0.0507813,0.673401,-0.651062,-0.346497
1523946856322971,0.0441895,0.66803,-0.655823,-0.348877
1523946856344027,0.0336914,0.65979,-0.664185,-0.349854
1523946856360071,0.0189819,0.647156,-0.676819,-0.350342
1523946856384135,0.003479,0.632996,-0.690002,-0.351135
1523946856404187,-0.00976563,0.621155,-0.700134,-0.351929
1523946856419229,-0.0195923,0.614258,-0.705322,-0.353394
1523946856443292,-0.0222168,0.61499,-0.704102,-0.354248
1523946856464351,-0.0201416,0.621399,-0.699036,-0.353271
1523946856479389,-0.0183716,0.626892,-0.695435,-0.35083
1523946856502448,-0.0194702,0.628296,-0.695129,-0.348816
1523946856523508,-0.024292,0.625793,-0.697937,-0.347412
1523946856539547,-0.0297241,0.624207,-0.699829,-0.346008
1523946856563614,-0.0332642,0.623901,-0.700745,-0.344421
1523946856583665,-0.0354004,0.625427,-0.700378,-0.342163
1523946856599707,-0.0368042,0.627991,-0.699097,-0.339905
1523946856622769,-0.0386963,0.630554,-0.697327,-0.338623
1523946856643827,-0.0408325,0.63324,-0.695007,-0.338135
1523946856659869,-0.0437622,0.635559,-0.692749,-0.338013
1523946856682930,-0.0474854,0.636292,-0.692139,-0.337402
1523946856703984,-0.0527344,0.635254,-0.693115,-0.336609
1523946856720029,-0.0576782,0.633911,-0.694397,-0.335693
1523946856743089,-0.0616455,0.632446,-0.695557,-0.335327
1523946856764147,-0.0654907,0.630737,-0.696289,-0.336304
1523946856781189,-0.069458,0.629211,-0.696228,-0.33844
1523946856803247,-0.072876,0.628845,-0.694946,-0.341064
1523946856824304,-0.0747681,0.630127,-0.6922,-0.343872
1523946856839344,-0.0742188,0.632507,-0.688599,-0.346863
1523946856862408,-0.0718384,0.634094,-0.686157,-0.349243
1523946856883463,-0.0709839,0.63208,-0.687256,-0.350952
1523946856899504,-0.0724487,0.629211,-0.689331,-0.351746
1523946856922565,-0.0732422,0.628479,-0.689697,-0.352112
1523946856943623,-0.0722656,0.629272,-0.689026,-0.352295
1523946856959665,-0.0714111,0.629333,-0.688843,-0.352661
1523946856981727,-0.0716553,0.627197,-0.690491,-0.35321
1523946857003781,-0.0728149,0.624146,-0.692749,-0.353882
1523946857019825,-0.0739746,0.621704,-0.694702,-0.354248
1523946857041885,-0.0745239,0.620483,-0.69574,-0.354126
1523946857064945,-0.0745239,0.620117,-0.696106,-0.354004
1523946857079983,-0.0741577,0.619995,-0.69635,-0.353882
1523946857103047,-0.0739746,0.619385,-0.697021,-0.353577
1523946857125105,-0.0742188,0.61853,-0.697876,-0.353333
1523946857140144,-0.0744629,0.61792,-0.698425,-0.353333
1523946857162213,-0.0742188,0.617737,-0.698608,-0.353394
1523946857185263,-0.0737915,0.617737,-0.698669,-0.353394
1523946857199301,-0.0731201,0.617981,-0.698547,-0.353271
1523946857222362,-0.0721436,0.618652,-0.69812,-0.35321
