timestamp,x,y,z
1523946830377995,0.188477,-0.952637,-0.362793
1523946830402066,0.170898,-0.970703,-0.35791
1523946830418103,0.164063,-0.978027,-0.349121
1523946830438163,0.163086,-0.97168,-0.356445
1523946830462219,0.166504,-0.97168,-0.358887
1523946830477258,0.160645,-0.972656,-0.353027
1523946830498321,0.161621,-0.973145,-0.35498
1523946830538422,0.178223,-0.980957,-0.358398
1523946830540428,0.179688,-0.979492,-0.345215
1523946830560479,0.180176,-0.981445,-0.353516
1523946830582539,0.174316,-0.989746,-0.356445
1523946830599584,0.183105,-0.98584,-0.351563
1523946830620645,0.1875,-0.977051,-0.351074
1523946830655733,0.193359,-0.972168,-0.358887
1523946830665761,0.185547,-0.971191,-0.349121
1523946830679799,0.183105,-0.970703,-0.354004
1523946830700854,0.197266,-0.970215,-0.359863
1523946830717901,0.207031,-0.974121,-0.356934
1523946830739959,0.216309,-0.995605,-0.375488
1523946830761016,0.23291,-1.00537,-0.355469
1523946830777057,0.260254,-0.967285,-0.375488
1523946830800118,0.270508,-0.960938,-0.366211
1523946830821174,0.274902,-0.95166,-0.351074
1523946830837216,0.259766,-0.946289,-0.34375
1523946830860276,0.247559,-0.944824,-0.337891
1523946830881333,0.236816,-0.952148,-0.32666
1523946830897378,0.22998,-0.935059,-0.338867
1523946830926453,0.225098,-0.939941,-0.337402
1523946830940492,0.221191,-0.95166,-0.338379
1523946830957536,0.211914,-0.955078,-0.345703
1523946830979595,0.194336,-0.942871,-0.352051
1523946831000656,0.188477,-0.939941,-0.35498
1523946831017702,0.17627,-0.958984,-0.359375
1523946831039753,0.162598,-0.972168,-0.363281
1523946831060811,0.154785,-0.978516,-0.355957
1523946831077856,0.149902,-0.983887,-0.362793
1523946831099915,0.151367,-0.992188,-0.355469
1523946831120971,0.155762,-0.990234,-0.363281
1523946831137013,0.151367,-0.988281,-0.360352
1523946831160075,0.146973,-0.993164,-0.354492
1523946831181132,0.146973,-0.997559,-0.36084
1523946831197173,0.146973,-0.994629,-0.362793
1523946831220237,0.156738,-0.999023,-0.36084
1523946831241289,0.171875,-0.999023,-0.358398
1523946831257332,0.179199,-0.994141,-0.356934
1523946831280396,0.173828,-0.996094,-0.361328
1523946831302456,0.181641,-0.983398,-0.339844
1523946831317495,0.183594,-0.969727,-0.343262
1523946831339553,0.191895,-0.975098,-0.34668
1523946831362620,0.197266,-0.995117,-0.351074
1523946831377653,0.199707,-0.999023,-0.349609
1523946831399712,0.210449,-0.98877,-0.353027
1523946831422773,0.209961,-0.974121,-0.345215
1523946831437813,0.200684,-0.963379,-0.337402
1523946831459871,0.191406,-0.960938,-0.335938
1523946831481929,0.195313,-0.976563,-0.351074
1523946831496974,0.192871,-0.979492,-0.34668
1523946831520034,0.193848,-0.969727,-0.343262
1523946831542088,0.195801,-0.955566,-0.328125
1523946831557129,0.195801,-0.959961,-0.328613
1523946831580192,0.205566,-0.98291,-0.327637
1523946831602250,0.210449,-0.999023,-0.33252
1523946831623306,0.209473,-0.991211,-0.313477
1523946831640351,0.200684,-0.979492,-0.323242
1523946831662411,0.196777,-0.987305,-0.308594
1523946831684471,0.1875,-0.991699,-0.30127
1523946831699509,0.185059,-0.996094,-0.296387
1523946831722570,0.192383,-0.996094,-0.272949
1523946831743626,0.188965,-0.955566,-0.278809
1523946831759668,0.19043,-0.983887,-0.274414
1523946831782731,0.184082,-1.00537,-0.259277
1523946831803789,0.178223,-1.00439,-0.266602
1523946831819828,0.174805,-1.00977,-0.269531
1523946831841889,0.171875,-0.999512,-0.276367
1523946831863946,0.179688,-0.993164,-0.277832
1523946831879990,0.169434,-1.00781,-0.292969
1523946831902048,0.166992,-1.01074,-0.292969
1523946831923103,0.163574,-0.990234,-0.296387
1523946831940148,0.157715,-0.987793,-0.294434
1523946831962219,0.158203,-0.98584,-0.294922
1523946831983265,0.158691,-0.993164,-0.286133
1523946832000310,0.158691,-1.00195,-0.273438
1523946832022366,0.168457,-0.985352,-0.275879
1523946832043423,0.17334,-0.994141,-0.282715
1523946832059465,0.165527,-1.01416,-0.282715
1523946832082527,0.166992,-0.99707,-0.28418
1523946832103588,0.178223,-0.992676,-0.292969
1523946832119625,0.171875,-1.01855,-0.286133
1523946832142686,0.165527,-1.01904,-0.295898
1523946832163743,0.171387,-1.01318,-0.276855
1523946832179788,0.177246,-0.977539,-0.271484
1523946832201845,0.172852,-0.964355,-0.27002
1523946832223902,0.164063,-0.96582,-0.275391
1523946832238943,0.162109,-0.970215,-0.260254
1523946832262008,0.182129,-0.962891,-0.234863
1523946832285068,0.168945,-0.956543,-0.239258
1523946832299102,0.17041,-0.952148,-0.244629
1523946832321168,0.179688,-0.965332,-0.249023
1523946832344224,0.185059,-1.00635,-0.254883
1523946832359263,0.1875,-1.0459,-0.246582
1523946832381323,0.208984,-1.05273,-0.252441
1523946832404384,0.218262,-1.03809,-0.257813
1523946832421427,0.209961,-1.04053,-0.256348
1523946832441481,0.203613,-1.05127,-0.253906
1523946832464543,0.210938,-1.04395,-0.231934
1523946832480587,0.211426,-1.02637,-0.227051
1523946832501644,0.196777,-1.02832,-0.210938
1523946832523699,0.209961,-1.01074,-0.208984
1523946832540745,0.209961,-1.01123,-0.202148
1523946832561808,0.203613,-0.998047,-0.208496
1523946832583864,0.19043,-0.990723,-0.231445
1523946832600905,0.185547,-0.98877,-0.236328
1523946832621961,0.181641,-0.971191,-0.236328
1523946832644020,0.184082,-0.958984,-0.24707
1523946832660062,0.164063,-0.97998,-0.234375
1523946832682121,0.171875,-0.97998,-0.222168
1523946832704180,0.171875,-0.980469,-0.226074
1523946832720222,0.175293,-1.01221,-0.207031
1523946832741278,0.181641,-1.01318,-0.196289
1523946832764340,0.180664,-1.01025,-0.187012
1523946832780383,0.197754,-1.0332,-0.172852
1523946832801443,0.197754,-1.03662,-0.168945
1523946832824499,0.191895,-1.01758,-0.151855
1523946832846560,0.193848,-1.0166,-0.14502
1523946832861609,0.18457,-1.00732,-0.133301
1523946832884667,0.174805,-1.00586,-0.117676
1523946832906718,0.179688,-1.03516,-0.11084
1523946832921759,0.193359,-1.02783,-0.106934
1523946832943816,0.193848,-0.995605,-0.123047
1523946832966881,0.196289,-1.00098,-0.133301
1523946832981918,0.23291,-1.01123,-0.114258
1523946833003978,0.247559,-1.0083,-0.124512
1523946833027040,0.256348,-1.0166,-0.133301
1523946833042078,0.277344,-1.00244,-0.13623
1523946833064138,0.277832,-0.979492,-0.134766
1523946833086200,0.276367,-0.998535,-0.12207
1523946833101236,0.288574,-0.986816,-0.117188
1523946833124299,0.279297,-0.969238,-0.123535
1523946833146357,0.261719,-0.986328,-0.111328
1523946833161401,0.263184,-0.999512,-0.103516
1523946833184457,0.255859,-0.993164,-0.101074
1523946833206515,0.258301,-0.989746,-0.0908203
1523946833221556,0.241211,-0.98877,-0.078125
1523946833244617,0.230957,-1.00781,-0.0727539
1523946833266679,0.227539,-1.01953,-0.0830078
1523946833281718,0.237793,-1.01758,-0.0805664
1523946833303774,0.239746,-1.01904,-0.0864258
1523946833326835,0.239746,-1.02148,-0.0844727
1523946833341876,0.234863,-1.0166,-0.0869141
1523946833363934,0.239258,-0.991699,-0.0766602
1523946833386996,0.247559,-1.0083,-0.0893555
1523946833403037,0.25293,-1.00732,-0.0854492
1523946833424094,0.272949,-0.961426,-0.0869141
1523946833446152,0.255859,-0.994141,-0.0825195
1523946833463198,0.275391,-1.00391,-0.0844727
1523946833484253,0.283691,-0.951172,-0.065918
1523946833506313,0.269531,-0.961426,-0.09375
1523946833523369,0.282715,-1.01367,-0.0737305
1523946833544415,0.299316,-0.991211,-0.0585938
1523946833566475,0.279785,-0.942383,-0.0664063
1523946833583518,0.282227,-0.969727,-0.0732422
1523946833604574,0.308594,-0.998047,-0.0654297
1523946833634656,0.286133,-0.976563,-0.0742188
1523946833642675,0.285645,-0.98584,-0.0634766
1523946833665740,0.275391,-0.980957,-0.0639648
1523946833686793,0.266113,-0.974121,-0.0649414
1523946833702834,0.266113,-0.995605,-0.0615234
1523946833723892,0.293457,-0.995605,-0.0668945
1523946833746955,0.298828,-0.98877,-0.0561523
1523946833762994,0.293457,-1.00586,-0.065918
1523946833784050,0.304688,-1.01172,-0.0556641
1523946833806109,0.306152,-0.995117,-0.0625
1523946833823156,0.310547,-1.00391,-0.0581055
1523946833844214,0.307129,-1.021,-0.0644531
1523946833866271,0.308105,-1.01904,-0.0615234
1523946833883318,0.308594,-0.99707,-0.0629883
1523946833904371,0.300293,-0.979492,-0.0751953
1523946833926429,0.288574,-0.987305,-0.0703125
1523946833942471,0.286621,-0.996582,-0.0654297
1523946833964531,0.291016,-0.996582,-0.0698242
1523946833986589,0.29834,-0.997559,-0.0727539
1523946834002632,0.288574,-0.995117,-0.0874023
1523946834023688,0.290039,-0.984863,-0.0703125
1523946834046751,0.293457,-0.976074,-0.0664063
1523946834062793,0.289551,-1.00293,-0.0610352
1523946834083850,0.294434,-1.01074,-0.0512695
1523946834106908,0.29248,-0.972656,-0.0454102
1523946834121949,0.280762,-0.970703,-0.0556641
1523946834144022,0.281738,-1.00098,-0.0541992
1523946834167069,0.298828,-0.992188,-0.0517578
1523946834182109,0.29541,-0.979492,-0.0585938
1523946834204168,0.29248,-0.982422,-0.0493164
1523946834226226,0.291992,-0.984863,-0.0522461
1523946834242269,0.29834,-0.981445,-0.0458984
1523946834265334,0.29541,-0.994141,-0.0415039
1523946834286387,0.291504,-0.991699,-0.0419922
1523946834302429,0.285645,-0.980469,-0.0371094
1523946834325490,0.28125,-0.986816,-0.0385742
1523946834346545,0.272461,-0.991699,-0.0356445
1523946834362591,0.26709,-0.989746,-0.0444336
1523946834385652,0.268066,-0.999023,-0.0371094
1523946834406706,0.265625,-1.00488,-0.0473633
1523946834422748,0.258789,-1.00098,-0.0439453
1523946834445810,0.258301,-0.997559,-0.0473633
1523946834466867,0.256348,-1.00537,-0.043457
1523946834482910,0.252441,-1.00391,-0.0493164
1523946834505970,0.252441,-1.00781,-0.0488281
1523946834527029,0.254883,-1.00781,-0.0473633
1523946834542067,0.253418,-1.00146,-0.0449219
1523946834565128,0.258789,-1.00879,-0.0424805
1523946834586183,0.255859,-1.01465,-0.043457
1523946834602225,0.257813,-1.0083,-0.0356445
1523946834625286,0.26123,-1.00342,-0.0385742
1523946834646344,0.25293,-1.00928,-0.0322266
1523946834669404,0.246094,-1.00684,-0.0385742
1523946834685446,0.245117,-0.997559,-0.0361328
1523946834706504,0.23877,-0.993652,-0.0405273
1523946834729564,0.234863,-1.00537,-0.034668
1523946834745606,0.22998,-1.00732,-0.03125
1523946834766664,0.229004,-1.00928,-0.0380859
1523946834788723,0.220703,-1.01709,-0.0415039
1523946834805767,0.220703,-1.02295,-0.0444336
1523946834826825,0.242676,-1.03271,-0.0537109
1523946834848900,0.231445,-1.05078,-0.0527344
1523946834865929,0.213379,-1.06445,-0.027832
1523946834886983,0.195313,-1.08301,0.015625
1523946834909042,0.1875,-1.08545,0.0444336
1523946834925083,0.177734,-1.11035,0.0537109
1523946834947150,-1.68652,-13.1455,-7.08984
1523946834969202,-1.28223,4.48633,-4.19092
1523946834985246,-0.186523,-1.11572,1.08643
1523946835006300,0.391602,-1.51807,0.485352
1523946835029360,0.987305,-1.17383,0.695801
1523946835045406,0.132813,-1.55762,0.0356445
1523946835066459,-0.179688,-0.986816,0.177246
1523946835089522,0.30957,-0.96875,-0.10791
1523946835104561,0.39502,-0.875,0.0249023
1523946835126625,0.423828,-1.1333,-0.0708008
1523946835148683,0.268066,-0.97998,-0.0268555
1523946835164720,0.318359,-0.951172,-0.0463867
1523946835186780,0.304688,-0.990234,-0.0229492
1523946835208838,0.280762,-0.961426,-0.0205078
1523946835224881,0.26416,-0.96875,-0.0483398
1523946835247945,0.257813,-0.987793,-0.0541992
1523946835268999,0.281738,-0.994629,-0.0791016
1523946835285042,0.26416,-0.953125,-0.105957
1523946835308101,0.245605,-0.97998,-0.119629
1523946835329159,0.233398,-0.986816,-0.117676
1523946835345202,0.225586,-0.984375,-0.130371
1523946835368263,0.208008,-0.980469,-0.120117
1523946835389320,0.197754,-0.984375,-0.122559
1523946835404357,0.199707,-0.975098,-0.116699
1523946835428424,0.211426,-0.962402,-0.12793
1523946835449479,0.213379,-0.977051,-0.13916
1523946835464521,0.20166,-0.996582,-0.124512
1523946835487581,0.188477,-0.985352,-0.117188
1523946835516664,0.174316,-1.00928,-0.115234
1523946835524677,0.172363,-1.0293,-0.108887
1523946835547742,0.178223,-1.04932,-0.111816
1523946835568796,0.183594,-1.06006,-0.104004
1523946835584838,0.186523,-1.03809,-0.109375
1523946835607899,0.177246,-1.03955,-0.0952148
1523946835628956,0.178711,-1.03613,-0.104492
1523946835644999,0.193359,-1.04688,-0.100098
1523946835668060,0.20166,-1.05469,-0.108398
1523946835689116,0.192871,-1.05127,-0.108887
1523946835705158,0.20752,-1.01904,-0.111816
1523946835728219,0.208008,-1.02734,-0.134277
1523946835749276,0.209473,-1.04639,-0.135742
1523946835765318,0.207031,-1.02783,-0.127441
1523946835788378,0.210938,-1.00391,-0.138184
1523946835809440,0.200195,-1.01709,-0.132813
1523946835825488,0.21875,-1.01953,-0.115234
1523946835848540,0.214844,-1.0083,-0.10498
1523946835869596,0.231445,-0.987305,-0.111816
1523946835884634,0.245605,-1.01025,-0.100586
1523946835907697,0.254395,-1.00195,-0.101074
1523946835928752,0.259277,-0.998535,-0.0981445
1523946835944795,0.263672,-0.990234,-0.102051
1523946835969861,0.269043,-0.994141,-0.109863
1523946835988912,0.258789,-0.99707,-0.109375
1523946836004956,0.253418,-0.990723,-0.111328
1523946836027014,0.250488,-0.96875,-0.111816
1523946836049078,0.241211,-0.984375,-0.113281
1523946836065114,0.234863,-0.992188,-0.115234
1523946836087172,0.221191,-0.999512,-0.120117
1523946836109236,0.206543,-0.984863,-0.116211
1523946836125278,0.197266,-0.98291,-0.117676
1523946836147335,0.182617,-0.983887,-0.105469
1523946836169391,0.180664,-0.990234,-0.103516
1523946836191452,0.172852,-1.02197,-0.097168
1523946836207493,0.205566,-1.02588,-0.0830078
1523946836230556,0.235352,-1.02881,-0.074707
1523946836251613,0.25293,-1.0293,-0.0737305
1523946836267653,0.28418,-0.99707,-0.0756836
1523946836290714,0.304199,-0.993652,-0.0771484
1523946836311773,0.314453,-1.0166,-0.0654297
1523946836327813,0.317871,-1.02051,-0.0605469
1523946836350877,0.313477,-0.993652,-0.0654297
1523946836371931,0.321777,-0.990723,-0.0629883
1523946836386970,0.326172,-0.990234,-0.0585938
1523946836411034,0.337402,-0.971191,-0.0517578
1523946836432094,0.352539,-0.996094,-0.0581055
1523946836447134,0.348633,-0.995117,-0.0634766
1523946836470192,0.330566,-0.978516,-0.0610352
1523946836491251,0.322754,-0.972656,-0.0463867
1523946836507290,0.310059,-0.983887,-0.0390625
1523946836530354,0.294922,-0.970215,-0.0478516
1523946836551409,0.293457,-0.966797,-0.0463867
1523946836567450,0.303711,-0.970215,-0.0400391
1523946836590510,0.331055,-0.991699,-0.0541992
1523946836611567,0.330078,-0.993652,-0.0454102
1523946836627611,0.321289,-0.98877,-0.0454102
1523946836650672,0.29834,-0.970703,-0.0356445
1523946836671728,0.283691,-0.966309,-0.0292969
1523946836687770,0.265625,-0.974121,-0.0239258
1523946836710832,0.26709,-0.975098,-0.0151367
1523946836730887,0.277344,-0.976563,-0.0166016
1523946836746928,0.29248,-0.977051,-0.0268555
1523946836769989,0.294434,-0.983398,-0.019043
1523946836792049,0.304199,-0.98877,-0.0219727
1523946836807087,0.308105,-0.97168,-0.0166016
1523946836831151,0.314941,-0.958008,-0.0327148
1523946836852206,0.316895,-0.997559,-0.0166016
1523946836867246,0.320801,-1.00879,-0.0175781
1523946836890308,0.325684,-0.980469,-0.00439453
1523946836911367,0.321289,-0.970703,-0.00732422
1523946836927407,0.325684,-0.971191,0.00341797
1523946836949467,0.333496,-0.96582,0.00195313
1523946836971526,0.322754,-0.985352,-0.00390625
1523946836987566,0.313477,-0.974121,-0.00537109
1523946837009625,0.326172,-0.959473,-0.000976563
1523946837031689,0.336914,-0.960449,0.00146484
1523946837047729,0.333496,-0.977051,0.00488281
1523946837069785,0.343262,-0.98877,0.000488281
1523946837091848,0.32666,-0.983887,0.00878906
1523946837107894,0.325684,-0.973145,0.00488281
1523946837129947,0.32959,-0.949707,0.000488281
1523946837153007,0.334473,-0.97168,0.000976563
1523946837167045,0.327637,-0.994141,-0.00292969
1523946837190106,0.333008,-0.981445,0.00390625
1523946837213170,0.325195,-0.972168,0.00439453
1523946837227204,0.32666,-0.962891,0.00341797
1523946837250268,0.328613,-0.986328,0.00683594
1523946837273327,0.334961,-0.981445,0.00634766
1523946837287365,0.344238,-0.935059,0.00634766
1523946837309423,0.331055,-0.959961,0.00244141
1523946837332485,0.334473,-0.979004,0.00292969
1523946837347524,0.331055,-0.967773,0.0180664
1523946837369582,0.32666,-0.970215,0.00195313
1523946837392645,0.328125,-0.98291,0.00585938
1523946837407692,0.333008,-0.964844,0.0107422
1523946837429743,0.324219,-0.964355,0.00732422
1523946837452803,0.33252,-0.98584,0.00244141
1523946837466842,0.328613,-0.952148,-0.00390625
1523946837489904,0.341797,-0.958984,0.00195313
1523946837512965,0.338379,-0.966309,-0.00341797
1523946837527001,0.340332,-0.998047,-0.000488281
1523946837550062,0.337402,-0.984375,-0.000976563
1523946837573123,0.336914,-0.951172,-0.00683594
1523946837587160,0.32959,-0.95752,-0.00634766
1523946837610222,0.32666,-0.983887,-0.0102539
1523946837633285,0.313477,-0.986328,-0.00830078
1523946837654340,0.307129,-0.98291,-0.0258789
1523946837669379,0.294922,-0.969727,-0.0214844
1523946837693445,0.30957,-0.993164,-0.0234375
1523946837715503,0.320801,-0.995117,-0.0258789
1523946837729540,0.32373,-0.991699,-0.0117188
1523946837752602,0.327148,-0.975586,0.00439453
1523946837773663,0.304688,-0.975586,0.00244141
1523946837789700,0.31543,-0.991699,0.000976563
1523946837812764,0.306152,-0.97998,-0.00195313
1523946837833818,0.3125,-0.97998,-0.0219727
1523946837849860,0.303223,-0.986816,-0.0214844
1523946837872920,0.321777,-0.993164,-0.0126953
1523946837893977,0.320313,-0.974121,-0.0185547
1523946837910020,0.330566,-0.954102,-0.0112305
1523946837932078,0.317383,-0.978027,-0.0161133
1523946837954136,0.313965,-0.973633,-0.00878906
1523946837978204,0.33252,-0.963379,-0.0175781
1523946837992239,0.304199,-0.966309,-0.0253906
1523946838014301,0.307129,-0.968262,-0.0253906
1523946838030343,0.295898,-0.981445,-0.0268555
1523946838052399,0.292969,-0.95459,-0.03125
1523946838074458,0.273926,-0.96582,-0.0410156
1523946838090504,0.269043,-1.00293,-0.0454102
1523946838112559,0.270996,-1.03223,-0.0405273
1523946838135619,0.26709,-1.01172,-0.0332031
1523946838149657,0.28125,-0.94873,-0.0551758
1523946838172717,0.279297,-0.94043,-0.050293
1523946838195782,0.277344,-0.984863,-0.0556641
1523946838209816,0.278809,-1.03418,-0.065918
1523946838231876,0.280762,-1.01074,-0.0644531
1523946838255939,0.294434,-0.969727,-0.0693359
1523946838269976,0.291016,-0.964355,-0.0722656
1523946838292036,0.283691,-1.00928,-0.0732422
1523946838315098,0.271484,-1.02539,-0.0727539
1523946838330136,0.274902,-0.983398,-0.0922852
1523946838352194,0.263672,-0.992676,-0.0908203
1523946838375257,0.279297,-0.987305,-0.0834961
1523946838396316,0.244141,-0.996094,-0.10791
1523946838412356,0.242676,-1.01367,-0.0854492
1523946838435416,0.259766,-0.984375,-0.0810547
1523946838449454,0.255371,-0.987793,-0.0834961
1523946838472515,0.274414,-0.976074,-0.0844727
1523946838495581,0.287109,-0.979004,-0.0893555
1523946838516633,0.278809,-0.999512,-0.081543
1523946838532674,0.284668,-1.00293,-0.0976563
1523946838555738,0.28125,-0.967773,-0.103027
1523946838576795,0.292969,-1.03613,-0.105957
1523946838592835,0.262207,-1.04883,-0.119629
1523946838615898,0.261719,-1.05664,-0.140137
1523946838636952,0.248535,-1.05811,-0.134766
1523946838651993,0.226563,-1.01318,-0.122559
1523946838675056,0.276855,-0.950195,-0.108398
1523946838696111,0.264648,-0.915527,-0.0771484
1523946838712156,0.276855,-1.00098,-0.0488281
1523946838735214,0.289063,-1.02783,-0.0219727
1523946838756269,0.306152,-0.973633,-0.00927734
1523946838772311,0.294922,-0.903809,-0.0166016
1523946838796377,0.313965,-0.907715,-0.034668
1523946838816429,0.303711,-1.00244,-0.0561523
1523946838832471,0.304688,-1.05078,-0.0776367
1523946838854530,0.28418,-1.02881,-0.0947266
1523946838876589,0.267578,-0.991699,-0.12207
1523946838892631,0.26123,-0.982422,-0.114746
1523946838914692,0.244629,-0.990234,-0.124512
1523946838936749,0.248535,-0.98877,-0.11084
1523946838951790,0.263184,-0.969238,-0.115723
1523946838974851,0.282227,-0.956543,-0.100586
1523946838996911,0.271484,-0.957031,-0.123047
1523946839011951,0.278809,-1.00391,-0.125488
1523946839035010,0.278809,-0.98877,-0.128906
1523946839058071,0.298828,-0.970215,-0.143555
1523946839072109,0.303223,-0.971191,-0.125977
1523946839095177,0.30127,-0.975586,-0.138672
1523946839118231,0.293945,-0.975586,-0.15918
1523946839132269,0.325684,-0.947754,-0.157715
1523946839155335,0.305176,-0.958008,-0.17334
1523946839178394,0.309082,-0.980957,-0.168945
1523946839192429,0.302246,-0.966309,-0.181641
1523946839214493,0.296387,-0.9375,-0.186523
1523946839237563,0.3125,-0.929199,-0.203125
1523946839252589,0.321289,-0.93457,-0.211426
1523946839274649,0.335938,-0.96875,-0.220703
1523946839299714,0.348633,-0.945313,-0.223145
1523946839318766,0.358887,-0.938965,-0.237793
1523946839334807,0.368164,-0.952637,-0.225586
1523946839357870,0.391602,-0.946289,-0.23584
1523946839378928,0.413086,-0.932617,-0.274902
1523946839394967,0.453613,-0.939453,-0.289063
1523946839418030,0.426758,-0.937012,-0.320801
1523946839439086,0.427246,-0.960938,-0.322266
1523946839455127,0.418945,-0.942383,-0.333496
1523946839478190,0.40918,-0.898926,-0.320801
1523946839499247,0.38916,-0.904297,-0.318359
1523946839515288,0.370117,-0.910645,-0.320801
1523946839538348,0.365723,-0.899902,-0.321289
1523946839559405,0.356934,-0.924805,-0.31543
1523946839574445,0.394531,-0.928711,-0.337402
1523946839597508,0.416016,-0.947754,-0.342773
1523946839619565,0.412598,-0.937988,-0.342285
1523946839635606,0.431641,-0.923828,-0.33252
1523946839657666,0.443848,-0.892578,-0.337402
1523946839678723,0.446777,-0.940918,-0.317871
1523946839694765,0.416992,-0.947754,-0.328613
1523946839717825,0.404297,-0.862305,-0.334961
1523946839738902,0.415527,-0.852051,-0.342285
1523946839754924,0.424805,-0.885742,-0.350098
1523946839777990,0.427246,-0.898438,-0.34668
1523946839799042,0.431641,-0.89209,-0.37207
1523946839815084,0.444336,-0.872559,-0.370117
1523946839837143,0.426758,-0.91748,-0.371582
1523946839859202,0.403809,-0.901367,-0.36084
1523946839875244,0.405273,-0.878418,-0.36377
1523946839898308,0.431641,-0.874023,-0.35791
1523946839919362,0.431152,-0.893555,-0.347168
1523946839934401,0.432129,-0.898926,-0.33252
1523946839957463,0.448242,-0.897461,-0.333496
1523946839979523,0.478516,-0.894043,-0.333984
1523946839994565,0.484375,-0.909668,-0.34668
1523946840017622,0.48584,-0.946289,-0.339355
1523946840040685,0.445313,-0.937988,-0.333008
1523946840054721,0.42627,-0.895508,-0.336914
1523946840077788,0.418457,-0.873047,-0.348633
1523946840100843,0.409668,-0.867188,-0.349121
1523946840114881,0.405273,-0.902344,-0.35498
1523946840136940,0.452148,-0.890625,-0.337402
1523946840161008,0.466309,-0.877441,-0.338867
1523946840175042,0.452148,-0.835449,-0.342773
1523946840197100,0.462402,-0.814453,-0.340332
1523946840220161,0.451172,-0.807617,-0.352539
1523946840235200,0.480469,-0.812012,-0.355957
1523946840257261,0.486816,-0.872559,-0.368652
1523946840280323,0.478516,-0.880371,-0.358398
1523946840301378,0.500977,-0.868652,-0.357422
1523946840317421,0.499023,-0.841309,-0.355469
1523946840340481,0.51123,-0.855469,-0.336426
1523946840354519,0.512695,-0.865234,-0.394043
1523946840377582,0.539551,-0.878418,-0.382324
1523946840400642,0.531738,-0.842285,-0.384766
1523946840414678,0.509766,-0.839355,-0.388672
1523946840437741,0.521484,-0.853516,-0.400879
1523946840460802,0.501953,-0.884766,-0.404297
1523946840481858,0.479004,-0.896484,-0.427734
1523946840496898,0.448242,-0.901367,-0.428223
1523946840520963,0.413086,-0.919922,-0.421387
1523946840542019,0.369141,-0.908691,-0.403809
1523946840557056,0.342773,-0.910156,-0.421387
1523946840580120,0.321777,-0.906738,-0.425781
1523946840601176,0.312012,-0.90332,-0.42041
1523946840617217,0.311035,-0.87207,-0.412598
1523946840640279,0.330566,-0.849609,-0.412598
1523946840661336,0.34375,-0.851074,-0.425293
1523946840677378,0.361816,-0.84668,-0.430664
1523946840700437,0.383789,-0.85498,-0.421387
1523946840721493,0.386719,-0.83252,-0.419434
1523946840737537,0.397461,-0.830566,-0.413574
1523946840759598,0.44043,-0.81543,-0.432617
1523946840781655,0.458008,-0.806641,-0.45166
1523946840797698,0.459961,-0.857422,-0.433594
1523946840819755,0.442383,-0.859375,-0.424805
1523946840841815,0.445801,-0.845703,-0.409668
1523946840856856,0.461914,-0.850098,-0.424805
1523946840879917,0.437988,-0.892578,-0.414551
1523946840901973,0.425293,-0.899414,-0.402344
1523946840917015,0.427246,-0.864746,-0.414551
1523946840940075,0.444336,-0.861816,-0.418945
1523946840963138,0.444336,-0.871094,-0.43457
1523946840977174,0.424805,-0.881348,-0.438965
1523946841000238,0.424805,-0.862305,-0.437012
1523946841023298,0.424805,-0.863281,-0.438477
1523946841037333,0.424316,-0.859863,-0.435059
1523946841060397,0.411621,-0.858398,-0.432129
1523946841083456,0.409668,-0.849121,-0.429688
1523946841097493,0.418945,-0.846191,-0.432617
1523946841119553,0.425781,-0.861816,-0.421875
1523946841142616,0.43457,-0.853027,-0.431641
1523946841157654,0.450684,-0.847168,-0.418457
1523946841179712,0.468262,-0.851563,-0.417969
1523946841202774,0.462891,-0.877441,-0.439941
1523946841216813,0.464844,-0.836914,-0.464355
1523946841239873,0.454102,-0.830078,-0.458008
1523946841262934,0.413086,-0.874512,-0.458984
1523946841276971,0.420898,-0.862305,-0.437988
1523946841300031,0.382813,-0.776367,-0.507813
1523946841323093,0.410645,-0.854492,-0.478027
1523946841337134,0.390137,-0.864746,-0.495117
1523946841360216,0.42041,-0.819336,-0.483887
1523946841383253,0.42627,-0.807617,-0.440918
1523946841397290,0.439941,-0.808594,-0.443359
1523946841419349,0.463867,-0.811035,-0.449707
1523946841443415,0.453613,-0.832031,-0.463379
1523946841464470,0.443359,-0.833496,-0.452637
1523946841479509,0.428711,-0.840332,-0.47168
1523946841502570,0.425293,-0.822754,-0.504395
1523946841523627,0.449219,-0.833008,-0.511719
1523946841539668,0.423828,-0.822266,-0.527832
1523946841562732,0.390625,-0.84082,-0.527344
1523946841583787,0.379395,-0.845703,-0.516602
1523946841599829,0.375977,-0.846191,-0.509277
1523946841622890,0.39209,-0.817871,-0.490234
1523946841643948,0.434082,-0.807617,-0.495117
1523946841659992,0.455078,-0.795898,-0.498047
1523946841683051,0.458008,-0.821289,-0.512695
1523946841704116,0.455078,-0.850586,-0.48584
1523946841726174,0.445313,-0.838379,-0.486328
1523946841742210,0.465332,-0.836914,-0.501953
1523946841764268,0.458008,-0.834961,-0.499023
1523946841780308,0.426758,-0.858398,-0.505859
1523946841802368,0.414551,-0.831055,-0.514648
1523946841824428,0.413574,-0.829102,-0.504395
1523946841839467,0.404785,-0.837402,-0.501465
1523946841862530,0.42041,-0.84375,-0.504883
1523946841885589,0.433594,-0.847656,-0.495117
1523946841899625,0.413086,-0.816406,-0.499512
1523946841922688,0.43457,-0.770996,-0.496094
1523946841945751,0.456055,-0.804688,-0.498535
1523946841959785,0.455078,-0.849609,-0.498535
1523946841981845,0.436035,-0.836426,-0.481445
1523946842005911,0.434082,-0.771484,-0.49707
1523946842019949,0.448242,-0.791016,-0.500488
1523946842042009,0.444336,-0.85498,-0.507813
1523946842056043,0.436523,-0.86377,-0.494629
1523946842079103,0.425293,-0.807129,-0.497559
1523946842093141,0.443848,-0.787109,-0.500488
1523946842116201,0.445313,-0.837891,-0.499512
1523946842139263,0.429688,-0.861816,-0.482422
1523946842153303,0.435547,-0.821777,-0.488281
1523946842176365,0.453125,-0.821777,-0.491211
1523946842199423,0.448242,-0.845703,-0.492188
1523946842213460,0.421387,-0.830078,-0.474609
1523946842235521,0.421387,-0.801758,-0.478516
1523946842259585,0.438965,-0.837402,-0.483887
1523946842273625,0.434082,-0.883301,-0.471191
1523946842295680,0.40625,-0.830566,-0.470703
1523946842318743,0.44043,-0.809082,-0.462402
1523946842341804,0.444824,-0.84082,-0.463379
1523946842355838,0.424805,-0.810059,-0.491699
1523946842378904,0.459961,-0.81543,-0.473633
1523946842401963,0.459961,-0.833496,-0.479004
1523946842415998,0.426758,-0.83252,-0.483887
1523946842439062,0.401367,-0.812988,-0.523438
1523946842461123,0.398438,-0.780762,-0.538574
1523946842476160,0.415527,-0.763184,-0.52002
1523946842498219,0.400879,-0.811035,-0.506836
1523946842521283,0.384766,-0.814453,-0.482422
1523946842536321,0.416504,-0.828125,-0.52002
1523946842558399,0.453125,-0.781738,-0.523438
1523946842581441,0.468262,-0.82373,-0.522949
1523946842595476,0.484863,-0.854492,-0.515137
1523946842618539,0.467773,-0.840332,-0.512695
1523946842641603,0.48584,-0.820801,-0.500488
1523946842655637,0.479004,-0.796875,-0.520996
1523946842678699,0.48877,-0.826172,-0.541992
1523946842701762,0.449707,-0.806641,-0.527832
1523946842715796,0.437988,-0.794434,-0.544434
1523946842738858,0.431641,-0.771484,-0.542969
1523946842761920,0.431152,-0.812012,-0.554688
1523946842775955,0.423828,-0.815918,-0.541504
1523946842798015,0.421875,-0.78418,-0.535156
1523946842821079,0.446777,-0.78125,-0.529785
1523946842836117,0.4375,-0.790527,-0.526855
1523946842858177,0.433594,-0.77832,-0.545898
1523946842881235,0.451172,-0.787109,-0.541504
1523946842896276,0.446289,-0.804688,-0.547852
1523946842918334,0.45166,-0.804199,-0.539551
1523946842941399,0.441406,-0.766602,-0.528809
1523946842955435,0.44873,-0.777344,-0.532227
1523946842978499,0.455566,-0.790039,-0.538574
1523946843001557,0.45459,-0.789551,-0.554199
1523946843015596,0.452637,-0.789063,-0.539551
1523946843038655,0.46582,-0.782715,-0.550781
1523946843061716,0.458984,-0.794922,-0.511719
1523946843075755,0.461914,-0.78125,-0.563965
1523946843097812,0.444824,-0.782715,-0.521484
1523946843121876,0.45166,-0.803223,-0.536133
1523946843135922,0.442383,-0.776367,-0.536133
1523946843157978,0.427246,-0.783203,-0.537598
1523946843181033,0.4375,-0.79834,-0.54541
1523946843196074,0.410645,-0.811035,-0.557129
1523946843218131,0.41748,-0.817871,-0.549316
1523946843241196,0.421875,-0.803711,-0.529785
1523946843256234,0.42627,-0.78418,-0.535156
1523946843278294,0.439941,-0.774414,-0.532227
1523946843301355,0.440918,-0.789551,-0.538574
1523946843316392,0.436523,-0.816406,-0.523438
1523946843338452,0.433105,-0.82373,-0.51709
1523946843361513,0.42627,-0.790527,-0.529785
1523946843375549,0.439941,-0.802246,-0.527344
1523946843398613,0.432129,-0.813965,-0.527344
1523946843421673,0.426758,-0.822266,-0.520508
1523946843435716,0.441895,-0.825195,-0.529785
1523946843458772,0.472168,-0.85791,-0.524902
1523946843481833,0.461914,-0.800293,-0.507813
1523946843495870,0.480957,-0.791504,-0.501953
1523946843517929,0.47168,-0.82666,-0.492676
1523946843541995,0.435059,-0.793457,-0.498535
1523946843556029,0.45752,-0.813965,-0.506348
1523946843578090,0.44873,-0.856934,-0.507813
1523946843601151,0.439453,-0.853027,-0.508789
1523946843616190,0.438477,-0.815918,-0.515625
1523946843638248,0.421387,-0.808594,-0.510254
1523946843661311,0.418945,-0.83252,-0.50293
1523946843676350,0.413574,-0.825195,-0.495117
1523946843698407,0.418945,-0.78418,-0.494141
1523946843721470,0.447754,-0.807129,-0.493164
1523946843735518,0.424805,-0.822754,-0.489746
1523946843758570,0.411133,-0.830566,-0.492676
1523946843780627,0.441895,-0.849609,-0.480957
1523946843795666,0.452637,-0.858398,-0.486816
1523946843818739,0.480957,-0.87793,-0.478516
1523946843840791,0.493164,-0.910645,-0.489258
1523946843863850,0.444336,-0.948242,-0.480957
1523946843877885,0.410645,-0.946289,-0.44873
1523946843900947,0.370605,-0.87793,-0.429199
1523946843924014,0.379395,-0.780762,-0.391113
1523946843938044,0.402832,-0.712402,-0.407227
1523946843961108,0.436035,-0.746582,-0.424805
1523946843984170,0.420898,-0.82666,-0.409668
1523946843998205,0.406738,-0.904297,-0.397949
1523946844021266,0.418457,-0.890625,-0.385254
1523946844044328,0.422363,-0.825195,-0.398438
1523946844058367,0.433594,-0.834961,-0.393555
1523946844080424,0.413574,-0.887695,-0.369629
1523946844104488,0.403809,-0.921875,-0.38916
1523946844118539,0.407715,-0.918945,-0.370117
1523946844140593,0.407715,-0.880859,-0.39502
1523946844164647,0.398926,-0.874023,-0.402344
1523946844178685,0.386719,-0.873047,-0.416504
1523946844200745,0.396484,-0.883301,-0.408203
1523946844223812,0.410156,-0.855469,-0.422852
1523946844238847,0.425293,-0.866699,-0.414063
1523946844260906,0.449707,-0.868164,-0.387207
1523946844283965,0.44873,-0.855957,-0.393555
1523946844298003,0.45166,-0.884766,-0.398926
1523946844321065,0.445801,-0.866211,-0.394043
1523946844344125,0.453125,-0.822266,-0.418457
1523946844358163,0.443359,-0.875488,-0.40332
1523946844381223,0.42334,-0.890625,-0.413086
1523946844404287,0.414551,-0.876953,-0.428711
1523946844418334,0.413574,-0.867188,-0.425781
1523946844440390,0.428711,-0.825195,-0.438477
1523946844464446,0.421875,-0.841309,-0.441895
1523946844478483,0.413086,-0.88916,-0.429199
1523946844500541,0.415039,-0.883301,-0.432617
1523946844523606,0.422363,-0.863281,-0.436523
1523946844538643,0.424805,-0.850098,-0.425781
1523946844560703,0.432617,-0.834473,-0.443848
1523946844583762,0.439453,-0.849609,-0.442871
1523946844598802,0.450684,-0.870605,-0.439941
1523946844620863,0.428711,-0.85791,-0.455566
1523946844643925,0.407715,-0.86084,-0.459961
1523946844657959,0.39502,-0.847168,-0.456055
1523946844681022,0.38623,-0.822754,-0.465332
1523946844704083,0.399414,-0.837891,-0.467773
1523946844718129,0.421387,-0.843262,-0.462891
1523946844741184,0.445801,-0.847168,-0.473633
1523946844763241,0.481445,-0.859863,-0.45752
1523946844778280,0.459961,-0.84375,-0.463867
1523946844801344,0.452148,-0.818359,-0.46875
1523946844823404,0.473633,-0.828613,-0.458496
1523946844838440,0.46582,-0.839844,-0.46875
1523946844860499,0.453125,-0.831055,-0.478027
1523946844883561,0.465332,-0.839844,-0.471191
1523946844898600,0.462402,-0.824707,-0.479492
1523946844920660,0.448242,-0.801758,-0.481934
1523946844943720,0.446289,-0.810547,-0.493652
1523946844958759,0.437012,-0.830078,-0.488281
1523946844980818,0.411133,-0.823242,-0.487793
1523946845002876,0.399414,-0.808105,-0.48877
1523946845018922,0.385254,-0.821289,-0.472168
1523946845040979,0.386719,-0.81543,-0.504883
1523946845063038,0.40918,-0.856445,-0.487793
1523946845078075,0.413574,-0.846191,-0.470215
1523946845101152,0.441895,-0.835938,-0.479492
1523946845123202,0.47168,-0.847656,-0.476074
1523946845138237,0.439453,-0.849121,-0.475586
1523946845161298,0.428711,-0.829102,-0.482422
1523946845183357,0.427246,-0.820801,-0.476074
1523946845198396,0.416016,-0.831543,-0.481934
1523946845220455,0.424805,-0.837891,-0.483398
1523946845243517,0.453613,-0.824219,-0.486816
1523946845258556,0.471191,-0.825684,-0.496582
1523946845280616,0.461426,-0.827148,-0.48877
1523946845303677,0.444824,-0.816406,-0.484863
1523946845318718,0.445313,-0.819336,-0.477051
1523946845340776,0.450684,-0.810547,-0.485352
1523946845363836,0.45459,-0.812988,-0.494141
1523946845377873,0.450684,-0.841309,-0.489746
1523946845400943,0.435547,-0.824707,-0.487305
1523946845422998,0.41748,-0.814453,-0.487305
1523946845446055,0.414063,-0.820801,-0.485352
1523946845461095,0.418457,-0.819336,-0.475098
1523946845483154,0.429688,-0.847168,-0.481445
1523946845506219,0.429688,-0.835449,-0.498535
1523946845521255,0.430664,-0.827148,-0.500488
1523946845543314,0.423828,-0.822266,-0.501953
1523946845566377,0.429688,-0.812012,-0.499512
1523946845580413,0.426758,-0.826172,-0.492188
1523946845603476,0.42334,-0.831543,-0.480469
1523946845626537,0.435547,-0.822754,-0.489746
1523946845640573,0.480469,-0.808594,-0.499512
1523946845663633,0.480469,-0.836914,-0.501953
1523946845685693,0.450684,-0.853516,-0.499023
1523946845700735,0.434082,-0.827637,-0.501465
1523946845723793,0.415527,-0.805176,-0.496094
1523946845745852,0.42041,-0.797852,-0.482422
1523946845760894,0.413574,-0.79541,-0.489746
1523946845782949,0.425293,-0.818848,-0.485352
1523946845806017,0.449707,-0.833984,-0.486328
1523946845821052,0.459961,-0.820313,-0.488281
1523946845843110,0.483887,-0.83252,-0.488281
1523946845866171,0.487793,-0.865723,-0.509766
1523946845881212,0.468262,-0.845703,-0.498535
1523946845903270,0.447266,-0.82666,-0.491211
1523946845926332,0.45459,-0.818848,-0.486816
1523946845940369,0.423828,-0.808594,-0.491699
1523946845963431,0.432129,-0.802246,-0.512695
1523946845985491,0.432617,-0.821289,-0.526367
1523946846000563,0.420898,-0.875488,-0.500488
1523946846023590,0.411621,-0.815918,-0.524902
1523946846045649,0.421387,-0.793457,-0.516602
1523946846060690,0.45752,-0.801758,-0.512695
1523946846083769,0.461426,-0.779785,-0.508789
1523946846105811,0.434082,-0.810547,-0.495605
1523946846120850,0.437012,-0.783203,-0.506348
1523946846142907,0.445801,-0.776367,-0.483398
1523946846165968,0.414551,-0.786621,-0.483398
1523946846181008,0.430176,-0.811035,-0.500977
1523946846203068,0.427246,-0.824219,-0.513184
1523946846226129,0.427246,-0.850098,-0.533691
1523946846241168,0.424316,-0.849121,-0.52832
1523946846263228,0.40918,-0.841309,-0.530762
1523946846286289,0.416504,-0.830566,-0.534668
1523946846301331,0.424805,-0.828613,-0.536621
1523946846323390,0.418945,-0.81543,-0.541992
1523946846345448,0.407715,-0.810547,-0.519043
1523946846360486,0.405762,-0.79541,-0.509277
1523946846383581,0.421875,-0.801758,-0.50293
1523946846405613,0.435059,-0.814453,-0.500488
1523946846420646,0.408691,-0.820313,-0.511719
1523946846443707,0.416992,-0.822754,-0.514648
1523946846465764,0.441895,-0.806641,-0.524902
1523946846482815,0.431152,-0.816406,-0.532227
1523946846503868,0.429688,-0.820801,-0.522461
1523946846525927,0.427246,-0.810547,-0.51416
1523946846541969,0.427734,-0.814941,-0.5
1523946846563025,0.430664,-0.822754,-0.498047
1523946846586088,0.430664,-0.827637,-0.51709
1523946846602127,0.432129,-0.81543,-0.503906
1523946846623185,0.440918,-0.836426,-0.513672
1523946846646244,0.436523,-0.856445,-0.512695
1523946846670310,0.415039,-0.804199,-0.511719
1523946846683353,0.455566,-0.810059,-0.518555
1523946846706407,0.458008,-0.834961,-0.52002
1523946846722463,0.43457,-0.813477,-0.516602
1523946846743505,0.454102,-0.790039,-0.513184
1523946846765563,0.441895,-0.787598,-0.526367
1523946846782610,0.439941,-0.8125,-0.522461
1523946846803664,0.438965,-0.835449,-0.51709
1523946846825727,0.423828,-0.821777,-0.501465
1523946846841766,0.44043,-0.787598,-0.489258
1523946846862822,0.455078,-0.802246,-0.503418
1523946846885883,0.443359,-0.830566,-0.52002
1523946846901926,0.43457,-0.847168,-0.522949
1523946846922982,0.430176,-0.825684,-0.51709
1523946846946042,0.422852,-0.80957,-0.518555
1523946846968103,0.436523,-0.82373,-0.516602
1523946846983144,0.447754,-0.83252,-0.526367
1523946847006202,0.443359,-0.825684,-0.522949
1523946847028260,0.417969,-0.817871,-0.513672
1523946847043302,0.396484,-0.813965,-0.515137
1523946847066363,0.414063,-0.828125,-0.507324
1523946847089425,0.411133,-0.82959,-0.516602
1523946847103461,0.41748,-0.827637,-0.496582
1523946847125519,0.418945,-0.836426,-0.510742
1523946847148581,0.4375,-0.875488,-0.49707
1523946847163622,0.430664,-0.878418,-0.495605
1523946847185679,0.418457,-0.827148,-0.464844
1523946847208740,0.419434,-0.779297,-0.471191
1523946847223781,0.461426,-0.860352,-0.470215
1523946847245841,0.41748,-0.925293,-0.470703
1523946847267900,0.375,-0.90625,-0.456055
1523946847282942,0.391113,-0.856934,-0.458496
1523946847306000,0.399902,-0.823242,-0.459473
1523946847328058,0.396484,-0.864258,-0.453125
1523946847343098,0.384277,-0.902832,-0.424316
1523946847366163,0.344238,-0.891602,-0.419434
1523946847388220,0.35791,-0.797363,-0.4375
1523946847405263,0.37793,-0.799805,-0.470703
1523946847426320,0.366211,-0.866699,-0.45166
1523946847448377,0.329102,-0.828613,-0.441895
1523946847464422,0.343262,-0.78418,-0.477539
1523946847485477,0.379883,-0.788086,-0.51709
1523946847508538,0.367676,-0.888184,-0.486816
1523946847524580,0.352051,-0.935059,-0.46875
1523946847545639,0.349121,-0.848633,-0.482422
1523946847568697,0.416016,-0.786133,-0.48877
1523946847584740,0.414551,-0.875,-0.470703
1523946847605796,0.385254,-0.946289,-0.451172
1523946847627857,0.397461,-0.896973,-0.433594
1523946847644901,0.426758,-0.838867,-0.453125
1523946847665968,0.44043,-0.826172,-0.469238
1523946847688016,0.427734,-0.85791,-0.498047
1523946847705063,0.417969,-0.905273,-0.506836
1523946847726117,0.386719,-0.854492,-0.51416
1523946847748174,0.387207,-0.765625,-0.535156
1523946847765221,0.401855,-0.758301,-0.58252
1523946847786277,0.427734,-0.862305,-0.586426
1523946847808335,0.404785,-0.842773,-0.57959
1523946847824380,0.376953,-0.77832,-0.567383
1523946847845434,0.418945,-0.721191,-0.558594
1523946847868496,0.443359,-0.734375,-0.550293
1523946847884538,0.460449,-0.79834,-0.554199
1523946847905593,0.429199,-0.84082,-0.553223
1523946847928656,0.421875,-0.789551,-0.583984
1523946847944697,0.436035,-0.779297,-0.616699
1523946847965757,0.38623,-0.828125,-0.584473
1523946847988816,0.362793,-0.839355,-0.598633
1523946848004861,0.400391,-0.833008,-0.596191
1523946848025912,0.400879,-0.791504,-0.587891
1523946848047971,0.359863,-0.747559,-0.585938
1523946848065020,0.443848,-0.815918,-0.555664
1523946848086074,0.419922,-0.853027,-0.552246
1523946848108132,0.390137,-0.786621,-0.563965
1523946848131193,0.425781,-0.775879,-0.557617
1523946848146233,0.414551,-0.827148,-0.541504
1523946848168292,0.398926,-0.870605,-0.526855
1523946848191354,0.407715,-0.813477,-0.521973
1523946848205390,0.414551,-0.789063,-0.546875
1523946848228452,0.40332,-0.834961,-0.526855
1523946848250511,0.341797,-0.824219,-0.516602
1523946848265553,0.369141,-0.839355,-0.527344
1523946848288613,0.379395,-0.773438,-0.539551
1523946848304655,0.397949,-0.805176,-0.551758
1523946848327716,0.377441,-0.85498,-0.522949
1523946848348773,0.385254,-0.862305,-0.496094
1523946848364815,0.396973,-0.806152,-0.505371
1523946848386874,0.432617,-0.811035,-0.49707
1523946848407931,0.40332,-0.84082,-0.521484
1523946848424975,0.425293,-0.908691,-0.534668
1523946848447033,0.404785,-0.865723,-0.541992
1523946848468090,0.370605,-0.814453,-0.517578
1523946848491153,0.353027,-0.807129,-0.507324
1523946848507193,0.352539,-0.802734,-0.518555
1523946848528250,0.374023,-0.804688,-0.561035
1523946848551311,0.392578,-0.853027,-0.578613
1523946848567353,0.369629,-0.843262,-0.553223
1523946848588412,0.347168,-0.816895,-0.532227
1523946848610467,0.368652,-0.804199,-0.515137
1523946848627512,0.420898,-0.822754,-0.498047
1523946848648576,0.443359,-0.868652,-0.506836
1523946848670635,0.42334,-0.866699,-0.539063
1523946848687675,0.427246,-0.907715,-0.563477
1523946848708731,0.439941,-0.970215,-0.533691
1523946848730790,0.409668,-0.943848,-0.504395
1523946848746831,0.364746,-0.875488,-0.480469
1523946848767888,0.395996,-0.860352,-0.439941
1523946848790949,0.397949,-0.86084,-0.449219
1523946848806989,0.404785,-0.892578,-0.435059
1523946848828046,0.396973,-0.911133,-0.441406
1523946848851108,0.444824,-0.918945,-0.382324
1523946848867151,0.455078,-0.911621,-0.385254
1523946848888208,0.4375,-0.887695,-0.369141
1523946848911267,0.442383,-0.898926,-0.373047
1523946848927310,0.400391,-0.902832,-0.38623
1523946848948374,0.412598,-0.875488,-0.376953
1523946848970432,0.381836,-0.858887,-0.348633
1523946848987471,0.348633,-0.891602,-0.383301
1523946849008527,0.330078,-0.939453,-0.384277
1523946849030584,0.330078,-0.984375,-0.372559
1523946849047630,0.254883,-1.02588,-0.330566
1523946849068686,0.218262,-1.00732,-0.308105
1523946849090746,0.25293,-0.948242,-0.328125
1523946849106787,0.253418,-0.889648,-0.258301
1523946849127842,0.210449,-0.896484,-0.242188
1523946849150904,0.196289,-0.976563,-0.177246
1523946849166949,0.266113,-1.01367,-0.166504
1523946849188005,0.316406,-0.95459,-0.0976563
1523946849211065,0.344238,-0.91748,-0.108398
1523946849227107,0.275879,-1.00732,-0.0708008
1523946849248180,0.334961,-1.04932,-0.0717773
1523946849271226,0.367676,-0.97998,-0.0419922
1523946849287266,0.320801,-0.958984,-0.0581055
1523946849309326,0.334961,-0.950684,-0.0639648
1523946849331388,0.309082,-0.953125,-0.0546875
1523946849347430,0.32373,-1.00635,-0.0341797
1523946849369491,0.315918,-1.02783,-0.0253906
1523946849390543,0.283203,-0.96875,-0.0195313
1523946849407588,0.269043,-0.911133,-0.0302734
1523946849429646,0.258789,-0.938477,-0.0522461
1523946849450704,0.274902,-0.957031,-0.0415039
1523946849467747,0.277832,-0.985352,-0.0371094
1523946849489805,0.268555,-0.96875,-0.00976563
1523946849510862,0.27832,-0.95752,-0.0146484
1523946849526903,0.280762,-0.949707,-0.0244141
1523946849549965,0.301758,-0.938965,-0.00976563
1523946849571023,0.341797,-0.977539,0.00976563
1523946849587063,0.380859,-0.986816,0.0136719
1523946849610124,0.358887,-0.974609,-0.00878906
1523946849631189,0.375,-0.974121,-0.00634766
1523946849647224,0.327637,-1.01807,0.019043
1523946849670288,0.325684,-0.989258,0.0273438
1523946849691342,0.287598,-0.977539,0.0332031
1523946849707386,0.337402,-0.933105,0.019043
1523946849729443,0.312012,-0.971191,0.0131836
1523946849750499,0.319824,-1.00342,0.0117188
1523946849767544,0.313477,-0.981445,0.0268555
1523946849789602,0.280273,-0.961426,-0.0224609
1523946849810658,0.273926,-0.973145,0.000976563
1523946849827704,0.277832,-0.957031,0.00683594
1523946849849763,0.239258,-0.952637,0.0214844
1523946849870821,0.24707,-0.941406,0.0195313
1523946849886862,0.264648,-0.947266,0.0356445
1523946849909921,0.300781,-0.969238,0.0419922
1523946849930981,0.314941,-0.986816,0.0302734
1523946849953041,0.344238,-0.978516,0.027832
1523946849970083,0.31543,-1.0083,0.0390625
1523946849991138,0.354492,-0.983398,0.0327148
1523946850013196,0.304688,-0.975098,0.0439453
1523946850030251,0.336914,-0.964844,0.0463867
1523946850051298,0.29248,-0.972168,0.0283203
1523946850073356,0.334961,-1.00586,0.0375977
1523946850089399,0.323242,-0.992676,0.034668
1523946850110457,0.332031,-0.989258,0.0307617
1523946850133517,0.299805,-0.982422,0.0283203
1523946850149559,0.279785,-0.970703,0.0380859
1523946850170617,0.288574,-0.972656,0.0322266
1523946850193676,0.288086,-0.973145,0.0463867
1523946850209718,0.306641,-0.980957,0.0449219
1523946850231778,0.30127,-0.977539,0.0327148
1523946850261857,0.302246,-0.993164,0.027832
1523946850269880,0.310059,-0.973633,0.027832
1523946850291938,0.320801,-0.972168,0.0356445
1523946850314007,0.328125,-0.97998,0.0332031
1523946850330050,0.328125,-0.897461,0.0498047
1523946850352105,0.343262,-0.924316,0.0141602
1523946850373154,0.335938,-1.01123,-0.0117188
1523946850390198,0.350586,-0.951172,0.0209961
1523946850412257,0.325684,-0.930176,0.0239258
1523946850433314,0.315918,-0.943359,0.012207
1523946850449356,0.329102,-0.938477,0.00830078
1523946850472419,0.325684,-0.991699,-0.0180664
1523946850493474,0.289063,-1.00879,-0.0385742
1523946850509515,0.300293,-0.943848,-0.050293
1523946850532577,0.302734,-0.969238,-0.0424805
1523946850553636,0.302734,-0.92041,-0.0302734
1523946850569677,0.316895,-0.97168,-0.043457
1523946850592740,0.318848,-1.03613,-0.0205078
1523946850613800,0.316406,-0.970703,-0.0327148
1523946850629841,0.301758,-0.912109,-0.0297852
1523946850651896,0.339844,-0.912109,-0.0302734
1523946850672950,0.337402,-0.967773,-0.0385742
1523946850689997,0.332031,-0.98877,-0.0410156
1523946850712054,0.35498,-0.972656,-0.0493164
1523946850733111,0.355469,-0.946289,-0.0761719
1523946850750157,0.337891,-0.994629,-0.0908203
1523946850773219,0.370117,-1.00684,-0.0712891
1523946850793272,0.354492,-1.00342,-0.0664063
1523946850810316,0.354492,-0.986328,-0.0668945
1523946850832375,0.375977,-0.924316,-0.0688477
1523946850853432,0.344727,-1.02246,-0.145996
1523946850869475,0.330078,-1.07617,-0.0742188
1523946850892534,0.364746,-0.960449,-0.115234
1523946850913594,0.30957,-0.973145,-0.0888672
1523946850929637,0.354492,-1.03906,-0.0688477
1523946850952696,0.358887,-1.00732,-0.0800781
1523946850973751,0.377441,-0.977539,-0.0849609
1523946850989794,0.39502,-0.941895,-0.109863
1523946851011851,0.387207,-0.957031,-0.143066
1523946851041932,0.375,-1.00195,-0.147949
1523946851049953,0.345215,-1.03516,-0.152344
1523946851072011,0.339355,-0.999023,-0.175293
1523946851093068,0.333984,-0.942871,-0.180176
1523946851116129,0.296387,-0.972656,-0.185547
1523946851132172,0.267578,-1.07031,-0.19043
1523946851153232,0.245117,-1.05908,-0.172363
1523946851176290,0.240234,-0.975098,-0.178223
1523946851192333,0.230469,-0.958496,-0.179688
1523946851214390,0.227539,-0.994141,-0.186523
1523946851235448,0.238281,-1.03857,-0.171875
1523946851252492,0.216797,-0.984863,-0.209473
1523946851274550,0.170898,-0.983398,-0.229492
1523946851295608,0.175781,-1.00098,-0.221191
1523946851312659,0.157227,-1.05811,-0.243164
1523946851334713,0.139648,-1.04834,-0.191406
1523946851355766,0.147461,-0.980469,-0.222656
1523946851371808,0.145508,-0.975586,-0.217773
1523946851394871,0.166016,-0.98877,-0.25
1523946851415927,0.136719,-0.989258,-0.249512
1523946851431968,0.131836,-1.00781,-0.230469
1523946851455030,0.138184,-1.02637,-0.239258
1523946851476086,0.116699,-1.04443,-0.242188
1523946851492128,0.123047,-1.00684,-0.261719
1523946851515190,0.0854492,-0.996094,-0.274902
1523946851536246,0.0395508,-1.02832,-0.275391
1523946851552291,0.0219727,-1.05469,-0.251465
1523946851574348,-0.000488281,-1.14258,-0.243164
1523946851596408,0.00732422,-1.07275,-0.232422
1523946851612455,0.0273438,-0.98877,-0.214844
1523946851634512,0.0136719,-0.988281,-0.231934
1523946851655563,0.00244141,-1.03223,-0.256348
1523946851672609,0.0146484,-0.994141,-0.262695
1523946851694666,-0.0527344,-1.04248,-0.283203
1523946851715724,-0.0605469,-1.04443,-0.275391
1523946851731765,-0.0561523,-1.04053,-0.266113
1523946851754828,-0.0576172,-1.04834,-0.245605
1523946851775883,-0.0751953,-0.980469,-0.259277
1523946851791926,-0.097168,-0.953613,-0.263184
1523946851814987,-0.0878906,-0.973145,-0.241699
1523946851836047,-0.0981445,-1.03467,-0.241699
1523946851852085,-0.100586,-1.04443,-0.25
1523946851875146,-0.0917969,-0.97998,-0.264648
1523946851896206,-0.0820313,-0.974121,-0.276855
1523946851912251,-0.138184,-0.964355,-0.29248
1523946851935307,-0.13623,-0.969238,-0.290527
1523946851956363,-0.137695,-1.02979,-0.270996
1523946851972406,-0.145508,-1.03564,-0.263672
1523946851994464,-0.154785,-1.00049,-0.283203
1523946852015520,-0.166992,-0.988281,-0.275391
1523946852032566,-0.188965,-0.977539,-0.250488
1523946852053623,-0.197266,-1.00684,-0.227051
1523946852076683,-0.187012,-1.05078,-0.225586
1523946852091724,-0.172852,-1.01855,-0.200684
1523946852113783,-0.17041,-1.01123,-0.185547
1523946852136845,-0.159668,-0.952637,-0.201172
1523946852151881,-0.168457,-0.898926,-0.216309
1523946852173941,-0.171387,-0.932617,-0.224121
1523946852196001,-0.155273,-0.994629,-0.243652
1523946852212051,-0.124512,-1.0127,-0.273926
1523946852234109,-0.129883,-0.961914,-0.28418
1523946852256160,-0.131348,-0.972656,-0.292969
1523946852271200,-0.141113,-1.02295,-0.271484
1523946852294262,-0.140137,-1.0376,-0.247559
1523946852316325,-0.14502,-1.02637,-0.236816
1523946852339381,-0.127441,-1.02979,-0.22168
1523946852354422,-0.137695,-1.01904,-0.231445
1523946852376480,-0.150391,-1.04688,-0.236328
1523946852398540,-0.12793,-1.06396,-0.203613
1523946852413580,-0.114258,-1.02832,-0.208984
1523946852436643,-0.125977,-0.990234,-0.213379
1523946852458700,-0.103516,-0.968262,-0.196777
1523946852473739,-0.106934,-0.970215,-0.194336
1523946852496802,-0.0854492,-1.01514,-0.176758
1523946852518862,-0.0727539,-1.04248,-0.165039
1523946852533907,-0.0751953,-1.04492,-0.171387
1523946852556961,-0.0791016,-1.00977,-0.171875
1523946852579025,-0.0869141,-0.984863,-0.160645
1523946852594059,-0.0732422,-1.04688,-0.165039
1523946852616117,-0.0556641,-1.0957,-0.162109
1523946852639177,-0.0512695,-1.08301,-0.154785
1523946852654218,-0.043457,-1.03906,-0.148926
1523946852676276,-0.0112305,-1.04346,-0.157715
1523946852699340,-0.0283203,-1.11768,-0.124512
1523946852714378,-0.00244141,-1.15039,-0.100586
1523946852736438,-0.0297852,-1.13477,-0.0742188
1523946852758496,-0.0454102,-1.04834,-0.0610352
1523946852773535,-0.0454102,-0.958008,-0.0473633
1523946852796598,-0.0283203,-0.901367,-0.0253906
1523946852818658,-0.0229492,-0.893555,-0.0473633
1523946852833696,-0.00830078,-0.939453,-0.0693359
1523946852856758,0.00878906,-1.00977,-0.137207
1523946852878817,0.0698242,-1.06006,-0.174316
1523946852893855,0.130859,-1.07471,-0.211914
1523946852916921,0.115234,-1.02832,-0.13916
1523946852938974,0.0869141,-0.941895,-0.0742188
1523946852954016,0.114746,-0.895508,-0.0703125
1523946852976074,0.241211,-0.908691,-0.0341797
1523946852999137,0.34375,-1.00391,-0.0751953
1523946853014176,0.317871,-1.05957,-0.0805664
1523946853036234,0.31543,-1.03418,-0.0717773
1523946853059295,0.312988,-1.00879,-0.120605
1523946853074336,0.330566,-1.01953,-0.114258
1523946853096394,0.348633,-1.0332,-0.0664063
1523946853119456,0.351563,-1.02539,-0.0424805
1523946853133494,0.353516,-0.98877,-0.00976563
1523946853156554,0.354004,-0.983398,0.0170898
1523946853178619,0.354004,-0.983887,0.065918
1523946853193652,0.330078,-1.02881,0.0732422
1523946853216720,0.342773,-1.00195,0.0976563
1523946853238771,0.327148,-1.07178,0.0717773
1523946853255816,0.350586,-1.08594,0.100098
1523946853276873,0.384766,-1.07129,0.0961914
1523946853298934,0.35791,-1.08398,0.125488
1523946853314975,0.345215,-1.01709,0.130859
1523946853336035,0.332031,-1.01367,0.123047
1523946853359094,0.35791,-0.994629,0.138184
1523946853375134,0.297363,-0.96582,0.20752
1523946853396192,0.210449,-0.942871,0.143066
1523946853419257,0.194824,-0.953125,0.123535
1523946853435294,0.232422,-0.953613,0.102051
1523946853456351,0.212402,-0.967773,0.0859375
1523946853479413,0.17627,-0.799805,0.043457
1523946853496458,0.0981445,-0.921387,0.0126953
1523946853516514,-0.00830078,-1.06006,0.0234375
1523946853538569,0.0180664,-1.0166,-0.0249023
1523946853555614,0.140137,-0.865234,-0.0498047
1523946853576670,0.254395,-0.891113,-0.043457
1523946853598731,0.479492,-1.03711,0.0336914
1523946853615777,0.678223,-0.987793,0.0625
1523946853636831,0.672363,-0.792969,0.0283203
1523946853658891,0.739746,-0.735352,-0.012207
1523946853675934,0.630859,-0.958008,0.10498
1523946853695990,0.675293,-0.820801,0.143555
1523946853719051,0.424316,-0.862305,0.0942383
1523946853735092,0.348633,-0.914063,0.203125
1523946853756147,0.452148,-1.00342,0.256348
1523946853779211,0.381836,-0.935547,0.249512
1523946853794256,0.369141,-0.833984,0.211914
1523946853816314,0.421387,-0.888672,0.223633
1523946853839370,0.446777,-1.08301,0.191895
1523946853854409,0.400391,-1.125,0.203125
1523946853876468,0.375,-1.05322,0.178711
1523946853899533,0.415039,-0.962891,0.202148
1523946853921588,0.410156,-0.951172,0.213379
1523946853936627,0.418945,-0.869629,0.217285
1523946853958686,0.453125,-0.712891,0.193848
1523946853981750,0.500488,-0.786621,0.191406
1523946853996786,0.463867,-0.861328,0.183105
1523946854018849,0.519043,-0.772949,0.175781
1523946854041909,0.501953,-0.754395,0.189941
1523946854056948,0.523438,-0.780762,0.172852
1523946854079007,0.546875,-0.796875,0.17334
1523946854102069,0.498047,-0.887207,0.194336
1523946854116105,0.462402,-0.950195,0.225098
1523946854139165,0.461914,-0.971191,0.253418
1523946854156211,0.403809,-0.856934,0.245605
1523946854178271,0.390625,-0.866699,0.241211
1523946854199329,0.412598,-0.931641,0.290039
1523946854221384,0.374512,-0.887207,0.245605
1523946854237428,0.382813,-0.757324,0.194824
1523946854258486,0.441406,-0.772461,0.200684
1523946854281546,0.392578,-0.842773,0.203613
1523946854297588,0.40625,-0.864258,0.209961
1523946854318644,0.4375,-0.874023,0.219727
1523946854341704,0.415039,-0.904297,0.214844
1523946854357747,0.374023,-0.927246,0.259766
1523946854378805,0.343262,-0.924805,0.265137
1523946854401866,0.39502,-0.977539,0.265137
1523946854417908,0.396484,-0.930664,0.280762
1523946854438963,0.417969,-0.880859,0.245117
1523946854461025,0.435059,-0.906738,0.258301
1523946854478068,0.46875,-0.913086,0.256836
1523946854499130,0.530762,-0.819336,0.233887
1523946854521182,0.623535,-0.801758,0.26123
1523946854538226,0.559082,-0.816895,0.205078
1523946854559282,0.475586,-0.863281,0.169922
1523946854581345,0.517578,-0.948242,0.183594
1523946854598390,0.472656,-1.0293,0.139648
1523946854619444,0.438477,-1.05371,0.100098
1523946854641502,0.447266,-1.11621,0.0664063
1523946854657544,0.347656,-1.02393,0.0952148
1523946854678602,0.203613,-0.961426,0.0195313
1523946854701664,0.112793,-0.911621,0.0283203
1523946854717704,0.126465,-1.02881,-0.0424805
1523946854738762,0.0336914,-1.12988,-0.0498047
1523946854761821,0.0869141,-1.01465,-0.0839844
1523946854777864,0.0356445,-0.947266,-0.0620117
1523946854798926,0.0288086,-0.932129,-0.112793
1523946854820978,0.0439453,-0.988281,-0.13623
1523946854838023,0.0766602,-0.973145,-0.146973
1523946854859080,0.109375,-1.00244,-0.181641
1523946854881139,0.106445,-1.00439,-0.151855
1523946854898188,0.145508,-0.984375,-0.163086
1523946854919240,0.166992,-0.966309,-0.191406
1523946854941299,0.212402,-1.00684,-0.154297
1523946854957341,0.21582,-1.02197,-0.118164
1523946854979400,0.20459,-0.982422,-0.116699
1523946855001460,0.249512,-0.941895,-0.140137
1523946855017500,0.287598,-0.966309,-0.184082
1523946855038559,0.29541,-1.01318,-0.194824
1523946855061620,0.294434,-1.04053,-0.195313
1523946855077662,0.270508,-0.964355,-0.202148
1523946855098723,0.248535,-0.833008,-0.210938
1523946855121778,0.258789,-0.882324,-0.289551
1523946855136819,0.188965,-0.915527,-0.283203
1523946855160885,0.0932617,-0.965332,-0.263672
1523946855181943,0.0463867,-1.02002,-0.306152
1523946855196980,0.218262,-1.05371,-0.386719
1523946855220040,0.345215,-1.09863,0.127441
1523946855241096,0.252441,-0.914063,-0.257324
1523946855257138,0.417969,-0.945801,-0.352539
1523946855280200,0.524414,-1.07715,-0.355469
1523946855301256,0.285645,-1.12207,-0.290527
1523946855317298,0.255371,-1.03174,-0.207031
1523946855340359,0.296387,-0.986328,-0.219238
1523946855361418,0.294922,-1.00342,-0.212891
1523946855377460,0.276855,-1.03711,-0.222168
1523946855400521,0.27832,-1.01807,-0.213867
1523946855421575,0.302246,-0.983887,-0.216309
1523946855437617,0.317383,-0.963379,-0.211914
1523946855460682,0.346191,-0.965332,-0.210449
1523946855481738,0.365234,-0.968262,-0.185547
1523946855497782,0.359375,-0.963867,-0.164551
1523946855520840,0.353027,-0.955078,-0.145996
1523946855541895,0.345215,-0.958984,-0.146973
1523946855556936,0.324219,-0.962891,-0.145996
1523946855579996,0.283203,-0.966797,-0.140137
1523946855601055,0.249512,-0.986816,-0.142578
1523946855617094,0.218262,-1.00391,-0.145996
1523946855640155,0.183594,-1.00391,-0.144043
1523946855661215,0.158691,-1.01807,-0.146973
1523946855677256,0.144531,-0.998047,-0.142578
1523946855700318,0.135742,-0.986328,-0.129395
1523946855729394,0.124023,-1.00586,-0.116699
1523946855743435,0.132813,-1.01416,-0.125
1523946855760477,0.153809,-1.02051,-0.125
1523946855781540,0.211914,-0.994629,-0.110352
1523946855803590,0.260742,-0.977539,-0.081543
1523946855820635,0.280762,-0.928711,-0.0693359
1523946855841692,0.268066,-0.90918,-0.0893555
1523946855865760,0.327148,-1.0083,-0.0571289
1523946855879794,0.304199,-1.04541,-0.0795898
1523946855901853,0.283691,-0.953125,-0.046875
1523946855923911,0.363281,-0.880371,-0.0361328
1523946855939953,0.384277,-0.869141,-0.0185547
1523946855961012,0.359375,-0.94873,0.0151367
1523946855984074,0.405273,-1.00293,0.081543
1523946856000113,0.402832,-1.00391,0.078125
1523946856021169,0.408691,-1.00049,0.111328
1523946856044233,0.391602,-1.01709,0.0649414
1523946856059281,0.367188,-1.07471,0.115234
1523946856084337,0.408691,-1.06348,0.137695
1523946856104391,0.355957,-1.00732,0.122559
1523946856119430,0.352051,-0.998535,0.115723
1523946856142495,0.38623,-1.00879,0.117188
1523946856164554,0.395508,-0.974609,0.106445
1523946856179593,0.441895,-0.955566,0.105957
1523946856202652,0.416504,-0.930664,0.0996094
1523946856223708,0.37207,-0.939453,0.102539
1523946856239750,0.39209,-0.947266,0.0708008
1523946856262813,0.387695,-0.949219,0.0883789
1523946856283870,0.408203,-0.956543,0.104004
1523946856299911,0.382324,-0.927734,0.097168
1523946856322971,0.38916,-0.943848,0.0380859
1523946856344027,0.403809,-0.968262,0.09375
1523946856360071,0.473633,-0.913574,0.145508
1523946856384135,0.502441,-0.777344,0.141113
1523946856404187,0.538574,-0.623535,0.185059
1523946856419229,0.571289,-0.581543,0.202637
1523946856443292,0.555664,-0.645508,0.188477
1523946856464351,0.482422,-0.750488,0.182129
1523946856479389,0.489746,-0.918945,0.216797
1523946856502448,0.512695,-0.950195,0.230469
1523946856523508,0.500488,-0.825684,0.202148
1523946856539547,0.536133,-0.746094,0.20166
1523946856563614,0.526367,-0.785645,0.211426
1523946856583665,0.492188,-0.86084,0.212891
1523946856599707,0.506348,-0.88916,0.219727
1523946856622769,0.492676,-0.852539,0.230957
1523946856643827,0.460449,-0.864746,0.237305
1523946856659869,0.475098,-0.901367,0.236816
1523946856682930,0.503906,-0.962891,0.208496
1523946856703984,0.484863,-0.91748,0.182129
1523946856720029,0.447266,-0.889648,0.171387
1523946856743089,0.436035,-0.876465,0.169922
1523946856764147,0.461426,-0.877441,0.174805
1523946856781189,0.483887,-0.854492,0.187012
1523946856803247,0.473633,-0.837891,0.210938
1523946856824304,0.475098,-0.82666,0.230469
1523946856839344,0.491211,-0.925781,0.215332
1523946856862408,0.496582,-1.0166,0.217285
1523946856883463,0.517578,-1.00635,0.237793
1523946856899504,0.488281,-0.883301,0.200684
1523946856922565,0.488281,-0.807129,0.208008
1523946856943623,0.493164,-0.868652,0.217285
1523946856959665,0.512695,-0.911621,0.218262
1523946856981727,0.506348,-0.883789,0.213867
1523946857003781,0.513672,-0.835938,0.182129
1523946857019825,0.505859,-0.810547,0.187988
1523946857041885,0.508789,-0.80957,0.18457
1523946857064945,0.51709,-0.819336,0.19043
1523946857079983,0.511719,-0.837402,0.197754
1523946857103047,0.50293,-0.833008,0.19873
1523946857125105,0.507324,-0.816895,0.19873
1523946857140144,0.521484,-0.800293,0.206543
1523946857162213,0.522949,-0.805176,0.206543
1523946857185263,0.527344,-0.807129,0.21875
1523946857199301,0.532715,-0.799316,0.226563
1523946857222362,0.539063,-0.799316,0.240723
